,mean,mean_min,mean_max,predicted,Andrews et al.,Andrews et al. max,Andrews et al. min,Ferdinands et al.,Ferdinands et al. max,Ferdinands et al. min,CDC,CDC max,CDC min
0,0.7372555169240276,0.6514236162655739,0.7974811948717399,0.8305952370337577,0.6315593785164865,0.6969395116915255,0.5577192009497685,0.8699991928546534,0.9300000000000003,0.7500000000000001,0.6899999999999998,0.7500000000000001,0.6199999999999999
1,0.7373021826863716,0.6514881429923911,0.7975150298683489,0.8253158191016403,0.6318800586761205,0.697191474674095,0.558131504012155,0.8699990760016469,0.9300000000000003,0.7500000000000001,0.6899999999999998,0.7500000000000001,0.6199999999999999
2,0.7374411510924542,0.6516805024404939,0.7976156716913492,0.8200920157663449,0.6328386078259055,0.6979446204346402,0.559363924347593,0.8699987097382644,0.9300000000000003,0.7500000000000001,0.6899999999999998,0.7500000000000001,0.6199999999999999
3,0.7376693496009465,0.6519970499681261,0.7977805425005192,0.81492324117098,0.6344245106838281,0.6991906869658652,0.561402942307779,0.8699980458531019,0.9300000000000003,0.7500000000000001,0.6899999999999998,0.7500000000000001,0.6199999999999999
4,0.737981704200323,0.6524317695109554,0.7980053846794803,0.8098089156302044,0.636620116595847,0.7009158058967371,0.5642258641946605,0.8699970003125713,0.9300000000000003,0.7500000000000001,0.6899999999999998,0.7500000000000001,0.6199999999999999
5,0.7383712093382614,0.6529763604573212,0.7982843187131011,0.804748465565215,0.6393372927129777,0.7030371868935161,0.5677345610278123,0.8699954476697621,0.9300000000000003,0.7500000000000001,0.6899999999999998,0.7500000000000001,0.6199999999999999
6,0.7388290249874906,0.6536203579872687,0.7986099235968842,0.7997413234394191,0.6425824671413151,0.7055681876620831,0.5719279835486956,0.8699932131034761,0.9300000000000003,0.7500000000000001,0.6899999999999998,0.7500000000000001,0.6199999999999999
7,0.7393446026223229,0.6543512894608063,0.7989733434485625,0.7947869276947841,0.6463077490718884,0.7084694422796288,0.5767465058876895,0.8699900674237182,0.9300000000000003,0.7500000000000001,0.6899999999999998,0.7500000000000001,0.6199999999999999
8,0.7399058267012003,0.6551548470991689,0.7993643994891432,0.7898847226888591,0.6504557613479287,0.7116936683028523,0.5821188245203445,0.8699856998576765,0.9300000000000003,0.7500000000000001,0.6899999999999998,0.7500000000000001,0.6199999999999999
9,0.7404991914120412,0.6560151061234261,0.7997717409528815,0.7850341586324572,0.6549595947635146,0.7151855481623067,0.5879619922298776,0.8699797122265578,0.9300000000000003,0.7500000000000001,0.6899999999999998,0.7500000000000001,0.6199999999999999
10,0.7411099891480987,0.6569147565628423,0.8001830005689949,0.780234691527997,0.6597430275878405,0.7188818176385806,0.5941817945425188,0.8699715996889755,0.9300000000000003,0.7500000000000001,0.6899999999999998,0.7500000000000001,0.6199999999999999
11,0.741722528618482,0.6578353664242939,0.8005849780330563,0.7754857831084914,0.6647210615567676,0.7227116065940871,0.6006735290099292,0.8699607286136062,0.9300000000000003,0.7500000000000001,0.6899999999999998,0.7500000000000001,0.6199999999999999
12,0.7423203606232707,0.6587576555043979,0.8009638277415206,0.7707869007771818,0.6698008055511498,0.7265970627935624,0.6073232204104668,0.8699463114703073,0.9300000000000003,0.7500000000000001,0.6899999999999998,0.7500000000000001,0.6199999999999999
13,0.742886519050038,0.6596617850600001,0.801305260164312,0.7661375175478056,0.6748827156714511,0.7304542732536768,0.6140092745491732,0.8699273787013889,0.9300000000000003,0.7500000000000001,0.6899999999999998,0.7500000000000001,0.6199999999999999
14,0.7434037708984198,0.6605276563240285,0.8015947509532892,0.7615371119854936,0.6798621777636389,0.7341944807967199,0.6206045430491377,0.8699027476258904,0.9300000000000003,0.7500000000000001,0.6899999999999998,0.7500000000000001,0.6199999999999999
15,0.743854865604797,0.6613352054526068,0.801817749834275,0.7569851681482916,0.6846313977618719,0.737725577818929,0.6269787442628326,0.8698709885405119,0.9300000000000003,0.7500000000000001,0.6899999999999998,0.7500000000000001,0.6199999999999999
16,0.7442228005422242,0.6620647168084537,0.801959902171887,0.7524811755292953,0.689081548102335,0.7409538457986679,0.6330011634777647,0.8698303883118086,0.9300000000000003,0.7500000000000001,0.6899999999999998,0.7500000000000001,0.6199999999999999
17,0.7444910658542254,0.6626971075441779,0.8020072538369305,0.7480246289993974,0.6931051058726385,0.7437858983306613,0.638543540353309,0.8697789119054449,0.9300000000000003,0.7500000000000001,0.6899999999999998,0.7500000000000001,0.6199999999999999
18,0.7446438850612581,0.6632142050766349,0.8019464518284923,0.7436150287506362,0.6966269958579171,0.7461533160067266,0.6435199245937029,0.8697141624688223,0.9300000000000003,0.7500000000000001,0.6899999999999998,0.7500000000000001,0.6199999999999999
19,0.7446664408883756,0.663599004461789,0.8017649318745742,0.7392518802401412,0.6995125844364551,0.7479405844436008,0.6477681261452527,0.8696333407714806,0.9300000000000003,0.7500000000000001,0.6899999999999998,0.7500000000000001,0.6199999999999999
20,0.7445450813836385,0.6638359000156236,0.8014510886544667,0.7349346941346703,0.7016754406950505,0.7490700554761308,0.6511879380933117,0.8695332050101119,0.9300000000000003,0.7500000000000001,0.6899999999999998,0.7500000000000001,0.6199999999999999
21,0.7442675016912337,0.6639108859968337,0.8009944245493044,0.7306629862557287,0.7030396386602135,0.7494726778705554,0.6536922752422645,0.8694100321970858,0.9300000000000003,0.7500000000000001,0.6899999999999998,0.7500000000000001,0.6199999999999999
22,0.7438228973097756,0.6638117218360391,0.8003856732588013,0.72643627752527,0.7035420748999995,0.7490902176310825,0.6552097061515127,0.8692595825663452,0.9300000000000003,0.7500000000000001,0.6899999999999998,0.7500000000000001,0.6199999999999999
23,0.7432020853061431,0.6635280582553574,0.7996168952212085,0.7222540939119645,0.7031345161192657,0.7478773000924775,0.6556865999729042,0.8690770686396339,0.9300000000000003,0.7500000000000001,0.6899999999999998,0.7500000000000001,0.6199999999999999
24,0.7423975907487517,0.6630515216521522,0.7986815425300997,0.7181159663780374,0.7017853137533061,0.7458032042738643,0.6550888295523766,0.868857130788261,0.9300000000000003,0.7500000000000001,0.6899999999999998,0.7500000000000001,0.6199999999999999
25,0.7414036965595728,0.6623757552919822,0.7975744919357918,0.7140214308266654,0.6994807256473368,0.7428533381935754,0.6534029809279487,0.8685938212879287,0.9300000000000003,0.7500000000000001,0.6899999999999998,0.7500000000000001,0.6199999999999999
26,0.7402164560262279,0.661496417128989,0.7962920455218304,0.7099700280499271,0.6962257884734566,0.7390303237945862,0.6506370271349238,0.8682805989816578,0.9299683994444122,0.7499683994444121,0.6899454172221658,0.7499425444443854,0.6199511627777274
27,0.7388336683311306,0.660411135399876,0.7948318997200903,0.7059613036773027,0.6920446898659176,0.7343546232783986,0.6468204322458295,0.8679103367224628,0.9299245814524498,0.7499245814524497,0.6898697315996855,0.7498628753680902,0.6198834440628765
28,0.7372548216670247,0.6591194276855021,0.7931930875055805,0.7019948081247148,0.686980597761228,0.7288646464421248,0.6420036612596725,0.8674753437466655,0.9298644920206719,0.7498644920206717,0.689765940762978,0.7497536218557667,0.6197905785774015
29,0.735480992433339,0.6576225724180442,0.7913758824792038,0.6980700965441085,0.6810949173374742,0.7226162921825015,0.6362570842083893,0.8669674050148067,0.9297829969021194,0.7497829969021192,0.6896251764672964,0.7496054489129439,0.6196646315760022
30,0.7335147288664402,0.6559234635480655,0.7893816933569441,0.6941867287735594,0.6744659639875071,0.7156818971849126,0.6296692796746968,0.8663778393362207,0.9296736886456054,0.7496736886456052,0.6894363712969542,0.7494067066283729,0.619495700634117
31,0.7313599041460592,0.6540264338175668,0.7872129340053988,0.6903442692879096,0.6671870639203079,0.7081485906462066,0.6223447641331024,0.8656975777550131,0.9295286905789806,0.7495286905789804,0.6891859200909657,0.749143073779964,0.6192716127129693
32,0.7290215503862965,0.6519370596137347,0.7848728804493169,0.6865422871499237,0.6593641213699477,0.7001160844583266,0.6144011985755509,0.8649172632138048,0.9293384691987961,0.7493384691987961,0.6888573558888291,0.7487972167250835,0.6189776342163208
33,0.7265056794533021,0.649661954578087,0.7823655207132973,0.6827803559619566,0.6511127212316602,0.6916939615005505,0.6059661512891917,0.864027371927618,0.9290916696745377,0.7490916696745379,0.6884310658014736,0.7483484903173411,0.6185962167697397
34,0.7238190969085185,0.6472085593862411,0.779695403601065,0.6790580538181346,0.6425548657465784,0.682998557757758,0.5971735231467669,0.8630183562013436,0.9287749921942522,0.7487749921942524,0.687884077426435,0.7477727130804585,0.6181068061183894
35,0.7209692154853223,0.6445849350520869,0.7768674924908453,0.6753749632570362,0.6338154706909046,0.6741495637288356,0.5881597665585679,0.8618808076258729,0.9283731292923417,0.7483731292923419,0.6871899505958625,0.7470420532588031,0.6174857452699825
36,0.7179638829938491,0.6417995757716389,0.7738870385619474,0.6717306712148746,0.6250187674023239,0.6652664938547224,0.5790600483830729,0.8606056387139582,0.9278687856807356,0.7478687856807358,0.686318811630361,0.7461250648740646,0.6167063051429548
37,0.7148111967816928,0.6388612123725378,0.7707594449373396,0.6681247689791712,0.6162847692585096,0.656465186749747,0.5700045179467511,0.859184280118696,0.9272428020092778,0.747242802009278,0.685237567106934,0.7449869127441413,0.6157388758325201
38,0.7115193602296211,0.6357786643214932,0.7674901764086285,0.6645568521429186,0.607725963004807,0.6478545019378124,0.5611148419134737,0.8576088896538056,0.9264744020050386,0.7464744020050388,0.6839103307359754,0.7435898218273429,0.6145513485532414
39,0.7080965519492731,0.6325607093146541,0.7640846844261246,0.6610265205592251,0.599444375731129,0.6395333697368729,0.5525011571064065,0.8558725684495954,0.9255415782761802,0.7455415782761804,0.6822990897497655,0.7418937786839641,0.6131097118813693
40,0.7045508197186803,0.6292159824798208,0.760548358248824,0.6575333782964375,0.59148031040252,0.6315337475100171,0.5442164790763853,0.8539695787790624,0.9244216255682334,0.7444216255682337,0.6803646259814936,0.7398575010331515,0.6113788758781786
41,0.700890001443589,0.6257529067988421,0.756886503257913,0.6540770335937381,0.5839381544231673,0.6239613986816114,0.5363674628512048,0.8518955574234559,0.923091821503379,0.7430918215033792,0.6780676916876542,0.737439675460689,0.6093237241415855
42,0.6971216742466909,0.6221796549281682,0.7531043461420175,0.6506570988172068,0.5768702122109037,0.6168661430912669,0.5290117715023921,0.8496477179621897,0.9215302441542375,0.7415302441542376,0.6753704217209553,0.7346004439167954,0.6069103773292759
43,0.6932531315889008,0.6185041411977807,0.7492070653940557,0.6472731904163479,0.5703107927150122,0.6102799559396488,0.5221881376229556,0.8472250351099526,0.9197167038225262,0.7397167038225265,0.6722379429661813,0.7313030978591386,0.6041076331802677
44,0.6892913871695181,0.6147340412691323,0.7451998443806233,0.6439249288810747,0.5642761164376684,0.6042167871005059,0.5159163737659015,0.8446284042180351,0.9176337539971265,0.7376337539971268,0.6686401205404909,0.727515916358412,0.6008885289046499
45,0.6852432002598047,0.6108768330398922,0.7410879401866025,0.6406119386991463,0.5587361431970601,0.5986504505750565,0.5101611326592494,0.8418607693305614,0.9152677347579548,0.7352677347579549,0.6645533600364669,0.7232140631962813,0.597231953716839
46,0.681115128984267,0.6069398630771345,0.7368767733915833,0.637333848314054,0.5537101262220679,0.5935898478945763,0.5049546087316388,0.8389272137502117,0.9126097920982243,0.7326097920982246,0.6599623681696599,0.7183814401785898,0.5931242241518011
47,0.6769135951758369,0.6029304220556984,0.7325720212018254,0.6340902900833502,0.5491628091246874,0.5889976581564215,0.5002628051999962,0.8358350079183893,0.90965680998603,0.7296568099860302,0.6548617627031423,0.7130123817927818,0.5885605245238644
48,0.6726449632723753,0.5988558298999462,0.7281797154168845,0.6308809002374168,0.5450463178099149,0.5848235891179606,0.49603902430602914,0.8325936105328335,0.9064121895620807,0.726412189562081,0.6492574183345025,0.7071130719310557,0.5835461111413972
49,0.668315624809358,0.5947235208480769,0.7237063364843874,0.6277053188386688,0.5413021022632247,0.5810063075891049,0.4922259131643098,0.8292146201775401,0.9028864124693731,0.7228864124693734,0.6431674397198257,0.7007025681261329,0.5780971829072128
50,0.663932092423818,0.5905411342749708,0.7191589052209878,0.6245631897411853,0.5378630540064884,0.5774755604938947,0.48875767246742413,0.8257116762775365,0.899097333307134,0.7190973333071343,0.6366226666214133,0.6938133332856985,0.5722413332928435
51,0.6595010826717487,0.5863165857516037,0.7145450547992174,0.6214541605507686,0.5346557192801598,0.5741544105545737,0.4855623390715473,0.8221003098546116,0.8950701594543661,0.7150701594543665,0.6296666390575415,0.6864911990079386,0.5660175191567476
52,0.6550295948548996,0.5820581260714056,0.7098730853422613,0.6183778825854218,0.5316025445431645,0.5709615267258985,0.4825640712690628,0.8183977380271247,0.890837094320584,0.7108370943205844,0.6223549810991905,0.6787947169465166,0.5594755094045388
53,0.6505249795550506,0.5777743909630687,0.7051520042836473,0.6153340108362441,0.5286241078628141,0.5678134857312104,0.4796853843572106,0.8146226327809404,0.8864366412245245,0.7064366412245248,0.614754198478724,0.6707938931354991,0.5526748091651741
54,0.6459949910030904,0.5734744239481617,0.7003915374889855,0.6123222039287374,0.5256413045167079,0.5646270546200228,0.4768493011696894,0.8107948357897492,0.8819125879099075,0.7019125879099078,0.6069399245716584,0.6625683416543774,0.5456830904062206
55,0.6414478216503154,0.5691676787541704,0.6956021165582894,0.6093421240845207,0.5225774655569024,0.5613214331029712,0.4739813953478933,0.806935045407538,0.8773127142327081,0.6973127142327086,0.5989946882201322,0.6542049349685604,0.5385741947232762
56,0.6368921165307396,0.5648639985725097,0.6907948401633432,0.606393437083448,0.5193603929407719,0.5578204373324512,0.4710117128950694,0.8030644796704999,0.8726872857672919,0.692687285767292,0.5910053117798677,0.6457950650314398,0.5314258052767237
57,0.6323369735612361,0.5605735832812482,0.6859814219921868,0.6034758122261243,0.5159242938311928,0.5540546036171066,0.4678765595294118,0.7992045395297117,0.8680874120900925,0.6880874120900928,0.5830600754283415,0.6374316583456228,0.5243169095937792
58,0.6277919001563458,0.5563069027777768,0.6811740791099163,0.6005889222968182,0.5122115905070583,0.5499631821428994,0.46452013803496295,0.795376421964042,0.8635633587754755,0.6835633587754759,0.5752458015212758,0.629206106864501,0.5173251908348258
59,0.6232667698555823,0.5520746222923464,0.6763854337137122,0.5977324435267635,0.5081745725588785,0.5454959788785066,0.4608960125502523,0.7916007816701085,0.859162905679416,0.6791629056794163,0.5676450189008093,0.6212052830534835,0.510524490595461
60,0.6187717508659417,0.5478874993677361,0.6716283836169251,0.5949060555578481,0.5037768468605909,0.5406149908784498,0.4569683675113133,0.7878973909463718,0.8549298405456338,0.6749298405456342,0.5603333609424583,0.6135088009920615,0.5039824808432523
61,0.6143172156699405,0.5437562666541645,0.6669159570383387,0.592109441406686,0.4989945307196262,0.5352957688989044,0.45271302009470094,0.7842848219299722,0.8509026666928657,0.6709026666928662,0.5533773333785864,0.6061866667143017,0.4977586667071563
62,0.6099136339537636,0.5396915040470279,0.662261155479689,0.5893422874290664,0.49381712710005393,0.5295284342931595,0.4481181388141601,0.7807801591328257,0.8471135875306269,0.6671135875306272,0.5468325602801738,0.5992974318738673,0.49190281709278705
63,0.6055714515671956,0.535703503891203,0.657676788683209,0.5866042832847785,0.4882480200023136,0.5233182768149269,0.44318461942129594,0.7773987490238723,0.8435878104379193,0.6635878104379196,0.5407425816654972,0.5928869280689444,0.48645388885860263
64,0.6013009585776686,0.5318021330123246,0.6531753057167724,0.5838951219028065,0.4823045344040198,0.5166858677325896,0.43792607385323074,0.7741539919721311,0.8403431900139701,0.6603431900139702,0.5351382372968572,0.5869876182072182,0.48143947547613536
65,0.597112149726653,0.5279966952306984,0.6487686261544288,0.5812144994468905,0.4760175191567476,0.5096666390575415,0.432368399255954,0.771057180270217,0.8373902079017758,0.6573902079017759,0.5300376318303397,0.5816185598214103,0.4768757758481986
66,0.5930145807431056,0.5242957977912063,0.6444679751270576,0.5785621152814518,0.46947550940453886,0.5023549810991905,0.42659603770988747,0.768117384276342,0.8347322652420454,0.6547322652420455,0.5254466399635327,0.5767859368037186,0.47276804628316077
67,0.5890172240238326,0.5207072248300392,0.6402837257366423,0.5759376719378756,0.46267480916517406,0.4947541984787241,0.4205954198516244,0.7653413870232,0.8323662460028736,0.6523662460028735,0.5213598794595086,0.572484083641588,0.4691114710953498
68,0.5851283271640463,0.5172378206250293,0.6362252519842536,0.5733408750811491,0.4556830904062207,0.4869399245716584,0.4144262562407831,0.7627336660210531,0.8302832961774738,0.6502832961774739,0.5177620570338183,0.5686969021408612,0.46589236681973206
69,0.5813552777230923,0.5138933849684999,0.6323007949808718,0.5707714334768526,0.4485741947232762,0.47899468822013225,0.4081537012264203,0.7602964195004168,0.8284697558457625,0.6484697558457627,0.5146295782790445,0.5653995560832046,0.46308962267072395
70,0.5777044774499493,0.5106785825850662,0.6285173448135343,0.5682290589584956,0.4414258052767237,0.4710053117798676,0.40184629877357986,0.7580296330579978,0.826908178496621,0.6469081784966213,0.5119323083123455,0.5625603245393108,0.4606762758584143
71,0.57418123565018,0.5075968739988661,0.6248805475006637,0.5657134663952005,0.43431690959377933,0.4630600754283416,0.3955737437592171,0.755931181636716,0.8255783744317665,0.6455783744317669,0.5096353740185061,0.5601424989668484,0.4586211241218212
72,0.5707896583742278,0.5046504459894328,0.6213946094978,0.5632243736597223,0.4273251908348258,0.4552458015212759,0.38940458014837576,0.7539969610210264,0.8244584217238196,0.6444584217238201,0.5077009102502342,0.5581062213160358,0.4568902881186305
73,0.567532574699536,0.5018401766975691,0.6180622443873754,0.5607615015968102,0.420524490595461,0.44764501890080927,0.38340396229011275,0.7522210425811512,0.8235255979949612,0.6435255979949617,0.5060896692640242,0.5564101781726569,0.45544865144675845
74,0.5644114761458144,0.4991656128887108,0.6148846335268532,0.5583245739918978,0.41398248084325234,0.44033336094245834,0.3776316007440462,0.750595844857321,0.8227571979907222,0.6427571979907225,0.5047624328930658,0.5550130872558586,0.4542611241674798
75,0.5614264776312681,0.49662496551949126,0.6118614087176243,0.5559133175401265,0.40772706615156834,0.43334573282299843,0.3721112722579189,0.7491123157256419,0.8221312143192644,0.6421312143192646,0.5036811883696387,0.5538749351259353,0.453293694857045
76,0.5585763032617591,0.49421512617366853,0.6089906587567543,0.5535274618156939,0.4018273985452368,0.42675714173262347,0.36690451158944554,0.7477601193049823,0.8216268707076582,0.6416268707076584,0.5028100494041371,0.5529579467411968,0.45251425473001733
77,0.5558582888621509,0.491931692673505,0.6062689528611592,0.5511667392415244,0.39631838087927435,0.4206070736861687,0.36204200697959166,0.746527822411799,0.8212250078057478,0.641225007805748,0.5021159225735645,0.5522272869195415,0.45189319388161026
78,0.5532684173990586,0.48976902376780324,0.6036913930984702,0.5488308850592607,0.3912224723782545,0.4149212341989763,0.3575434381118856,0.745403076200339,0.8209083303254623,0.6409083303254625,0.5015689341985259,0.5516515096826587,0.4514037832302599
79,0.550801374808147,0.4877203064442255,0.601251685573156,0.546519637299571,0.38654946449380384,0.4097113204759449,0.3534172731802442,0.7443727895859132,0.820661530801204,0.6406615308012041,0.5011426441111706,0.5512027832749163,0.45102236578367877
80,0.5484506237505962,0.48577763524962975,0.5989422263172363,0.5442327367527681,0.38229673686214105,0.404975330542513,0.349660989492771,0.7434232920821104,0.8204713094210198,0.6404713094210197,0.5008140799090339,0.5508569262200357,0.45072838728703024
81,0.5462085128944149,0.48393211882844656,0.596754221279053,0.5419699269397387,0.3784499402941457,0.40069834865830456,0.34626167109373285,0.7425404847314168,0.8203263113543947,0.6403263113543949,0.5005636287030455,0.5505932933716268,0.4505042993658827
82,0.5440663965730134,0.4821739925083919,0.5946778132462542,0.5397309540831796,0.3749840364942696,0.39685372670835584,0.3431969217643166,0.7417099788172378,0.8201882753200733,0.6401911480978544,0.5003690779771417,0.5503916783092752,0.4503238773128746
83,0.5420147762290692,0.4804927473193505,0.5927022288055555,0.5375155670791358,0.3718646148649761,0.3934045704732965,0.3404360236026327,0.7409172229629211,0.8200669456633733,0.640073801894969,0.5002203467738305,0.5502395219126377,0.45018199649621626
84,0.5400434581505303,0.47887727153067977,0.5908159401335371,0.5353235174688387,0.36904940515075585,0.3903054376046871,0.33794127003388474,0.7401476200057412,0.8199522294754336,0.6399645483826454,0.5001056305858909,0.550124805724698,0.45006728030827664
85,0.5381417245196313,0.4773160030679647,0.5890068393097725,0.533154559410841,0.36648990980255663,0.3875041596992416,0.33566940666216866,0.7393866356451163,0.8198343250120598,0.6398540525664128,0.5000151276691281,0.5500377280012617,0.44996992700486116
86,0.5362985144086062,0.47579709091054484,0.5872624225279244,0.531008449653446,0.3641330901279082,0.3849437122595119,0.33357312235909753,0.7386199012783944,0.8197033533141864,0.6397330179827678,0.49994067066283704,0.5499703353314185,0.44988134132567453
87,0.5345026110391824,0.4743085633025459,0.5855699812813775,0.5288849475074254,0.3619230534517971,0.3825640712690629,0.3316025445431642,0.7378333136386722,0.8195715368899821,0.6396143832009838,0.4999143073779962,0.5499571536889981,0.44982861475599273
88,0.5327428313804782,0.47283850034274494,0.5839167973295445,0.5267838148190269,0.3598027024436601,0.38030401116924606,0.32970670478387604,0.7370131338325239,0.8193986083625417,0.6394587475262875,0.4998797216725081,0.5499398608362541,0.4497594433450166
89,0.5310082140136991,0.4713752082642386,0.5822903380218099,0.5247048159432642,0.35771532042527837,0.378102813937872,0.3278349518610273,0.7361460881472074,0.8191742451586704,0.6392568206428034,0.49983484903173386,0.549917424515867,0.4496696980634681
90,0.5292882011256015,0.46990739248665625,0.5806784483807775,0.522647717717489,0.3556060762333964,0.37590187090751614,0.32593829778624217,0.7352194725731788,0.818886356540229,0.6389977208862062,0.4997772713080456,0.5498886356540228,0.44955454261609157
91,0.5275728105479461,0.46842432633530895,0.5790695362370385,0.5206122894352417,0.3534234380358478,0.373646166727802,0.32397068714805377,0.7342212623944054,0.8185210266294014,0.6386689239664614,0.49970420532588006,0.5498521026629402,0.4494084106517605
92,0.5258527939122043,0.4669160121867837,0.5774527466748165,0.5185983028203778,0.3511204870527863,0.37128563802105236,0.32189018119156354,0.7331402274700258,0.8180625324370322,0.6382562791933291,0.49961250648740624,0.5498062532437032,0.4492250129748128
93,0.5241197772497618,0.46537333173214257,0.5758181221005974,0.5166055320014652,0.3486561197808055,0.36877639810829727,0.3196600456353933,0.7319660530070976,0.8174934563720706,0.6377441107348636,0.49949869127441393,0.5497493456372071,0.44899738254882815
94,0.5223663807323712,0.46378818205869926,0.5741567443921026,0.514633753486454,0.34599612204498514,0.36608181466698897,0.3172497262631675,0.7306894647513289,0.8167949109136713,0.6371154198223044,0.49935898218273417,0.5496794910913672,0.44871796436546846
95,0.520586314709029,0.46215359434917475,0.5724608558270913,0.5126827461376101,0.3431140914641071,0.3631734208012701,0.314635690118015,0.7293023566494186,0.8159468893419818,0.6363522004077838,0.4991893778683963,0.5495946889341982,0.4483787557367927
96,0.5187744497439619,0.460463832190277,0.5707239558320988,0.510752291146715,0.33999217841002755,0.3600316335187334,0.3118021042116829,0.727797918212613,0.8149287505165755,0.6354358754649182,0.49898575010331503,0.5494928750516576,0.4479715002066302
97,0.5169268559047069,0.4587144635572655,0.5689408679503047,0.5088421720105264,0.33662161098467885,0.35664624879910234,0.30874131957370277,0.7261707580844606,0.8137198377303443,0.6343478539573101,0.49874396754606876,0.5493719837730344,0.4474879350921377
98,0.5150408244389579,0.45690241892497596,0.567107789165709,0.5069521745064963,0.33300296840649635,0.35301668086968746,0.3054541275369987,0.7244170197310649,0.8123002219583975,0.6330701997625579,0.4984600443916794,0.5492300221958398,0.4469200887833589
99,0.5131148468913982,0.45502600787283276,0.5652222955246955,0.5050820866687463,0.32914617052940665,0.3491519160849682,0.30194975830956017,0.7225344847681172,0.8106515489295693,0.6315863940366123,0.4981303097859137,0.549065154892957,0.44626061957182755
100,0.5111485717085825,0.4530849133972621,0.5632833229353403,0.5032316987642949,0.32507015945436607,0.34507015945436625,0.2982455995039692,0.7205226592464209,0.8087579581792059,0.6298821623612852,0.497751591635841,0.5488757958179206,0.44550318327168226
101,0.5091427335405606,0.4510801570584576,0.5612911171847685,0.501400803269536,0.3208370943205841,0.3408370943205841,0.29439735847325815,0.7183828382576106,0.8066070315981406,0.6279463284383265,0.4973214063196279,0.5486607031598141,0.44464281263925615
102,0.5070990572247637,0.44901403514007465,0.5592471540510089,0.4995891948469644,0.3164366412245245,0.33643664122452455,0.2903969465677495,0.7161181445043745,0.8041907200892949,0.6257716480803652,0.49683814401785875,0.5484190720089296,0.44367628803571774
103,0.5050201391249683,0.4468900267731608,0.5571540311928015,0.49779667032214747,0.3119125879099075,0.3319125879099076,0.2862841708271886,0.7137335370026229,0.801506190896391,0.6233555718067517,0.49630123817927796,0.5481506190896392,0.4426024763585562
104,0.502909309127818,0.4447126757738021,0.555015334307504,0.4960230286609385,0.3073127142327082,0.3273127142327082,0.28210246748428014,0.7112357868323076,0.7985565359655279,0.6207008823689749,0.4957113071931053,0.5478556535965529,0.441422614386211
105,0.5007704771521326,0.4424874487414547,0.5528354808283905,0.4942680709469305,0.30268728576729187,0.32268728576729183,0.27789753251571986,0.708633417802324,0.7953512840630664,0.6178161556567595,0.495070256812613,0.5475351284063067,0.4401405136252264
106,0.498607972800941,0.4402205766574094,0.5506195494778626,0.4925316003591471,0.29808741209009243,0.3180874120900925,0.27371582917281134,0.7059366110052665,0.7919066666428491,0.6147159999785642,0.4943813333285696,0.5471906666642851,0.4387626666571395
107,0.4964263659485367,0.4379188686724545,0.5483730834562718,0.49081342214996965,0.29356335877547546,0.31356335877547553,0.26960305343225044,0.7031570734622683,0.7882455995039692,0.6114210395535722,0.4936491199007936,0.546824559950397,0.4372982398015875
108,0.49423029826967413,0.43558952391516925,0.5461018953771398,0.4891133436232951,0.289162905679416,0.30916290567941596,0.26560264152674173,0.7003078665647977,0.7843973584732582,0.6079576226259323,0.4928794716946514,0.546439735847326,0.4357589433893031
109,0.49202431381833395,0.43323993645707937,0.5438118697796542,0.4874311741129256,0.2849298405456338,0.3049298405456339,0.26175440049603077,0.6974032157214671,0.7803969465677496,0.6043572519109744,0.49207938931354966,0.546039694656775,0.4341587786270996
110,0.4898126978993996,0.4308774961161991,0.5415087643929724,0.48576672496118434,0.28087393891505846,0.3008768116928393,0.25806173280156275,0.6944582815918696,0.7762841708271887,0.6006557537444697,0.4912252336098495,0.5455881981937887,0.4324935588864101
111,0.4875993289672232,0.4285093946276136,0.5391980211973447,0.4841198094977577,0.277045025214672,0.29705188144626754,0.2545732973893832,0.6914889114271869,0.7721024674842802,0.596892220735852,0.49034507494930546,0.5451142595060913,0.43079299337254345
112,0.4853875479500662,0.42614244201852697,0.5368845919545575,0.4824902430187602,0.27346462136580274,0.2934769402730144,0.2513079560551439,0.6885113735259896,0.7678975325157198,0.5931077792641478,0.4894439985238155,0.5446172885506086,0.42907278065580606
113,0.48318004971239886,0.4237829037729854,0.5345727880046179,0.48087784276601886,0.27014591447044195,0.2901656420247948,0.24827680600572827,0.6855420932164538,0.7637158291728113,0.5893442462555302,0.4885261627366813,0.5440953971563419,0.4273482387886547
114,0.4809787969159855,0.421436343942888,0.5322661424317436,0.47928242790657755,0.26709356121596217,0.28712322588454353,0.24548296855631033,0.6825973514315428,0.7596030534322504,0.5856427480890253,0.48759429933205517,0.5435449999830863,0.42563356869283064
115,0.47878496346275307,0.41910750620243886,0.5299673159212984,0.4777038195124157,0.26430380213202725,0.28434664844302915,0.24292165898083962,0.6796930216168622,0.7556026415267418,0.5820423773740675,0.48664921888432855,0.5429604157986492,0.42394113243368403
116,0.4765989062599122,0.4168002237577288,0.5276780266286694,0.4761418405403814,0.2617648543654152,0.281824993529161,0.24058051101959,0.6768443060571413,0.7517544004960308,0.5785789604464275,0.485689349298002,0.5423334917571616,0.4222807860521914
117,0.4744201670183515,0.41451735704731446,0.5253990186287346,0.474596315812336,0.25945754133614424,0.2795401168202772,0.2384401207449683,0.6740654900702276,0.7480933333571508,0.5752840000214356,0.48471033634596766,0.5416532765578538,0.42065930495392956
118,0.4722475014221487,0.4122607622141623,0.5231300613756966,0.4730670719955073,0.25735611238599176,0.2774674767319688,0.23647477023585445,0.6713697146114559,0.7446487159369336,0.5721838443432401,0.4837047353816387,0.5409057707500142,0.41907993595293386
119,0.470078946918612,0.41003130783366887,0.5208700011104692,0.4715539375830503,0.2554292051260226,0.27557710246308237,0.23465329156199716,0.668768797433668,0.7414434640344721,0.5692991176310249,0.4826618220992361,0.5400737836846095,0.4175421042543699
120,0.4679119059198216,0.40782890791900994,0.5186168282331369,0.47005674287481225,0.25364090686879903,0.27383465362509574,0.23294003516415976,0.6662730630630648,0.7384938091036091,0.5666444281932481,0.4815675475014573,0.5391369263222061,0.41604129634736625
121,0.4657432585243539,0.4056525943546636,0.516367785769407,0.4685753199583009,0.2519518780958904,0.2722025324586833,0.23129591266729568,0.663891219083368,0.7358092799107051,0.5642283519196345,0.4804046579914188,0.5380717669119693,0.41456913142473156
122,0.46356949594259517,0.40350061819798,0.5141195068207284,0.4671095026898521,0.2503205089086329,0.2706410178172657,0.22967949109136718,0.6616302695782469,0.7333929684018592,0.5620536715616733,0.47915299568541053,0.536852172119326,0.41311362500031384
123,0.4613868703068443,0.40137057593143216,0.5118681763306996,0.4656591266759977,0.24870408733270433,0.26910939839850606,0.22804812190410964,0.6594954660088372,0.731242041820794,0.5601178376387145,0.4777899866403391,0.5354498492608543,0.4116596392677051
124,0.459191555950066,0.3992595558261856,0.5096097115693995,0.46422402925502754,0.24705996483584028,0.2675670897841826,0.22635909313120106,0.6574902945532792,0.7293484510704306,0.5584136059633875,0.47629131578231954,0.5338350958302491,0.4101895057897753
125,0.4569798167960325,0.3971642988328528,0.507339955000984,0.4628040494787474,0.24534670843800288,0.2659747246649683,0.22457079487397746,0.6556164977913711,0.7276997780416022,0.5569298002374421,0.47463177711169957,0.5319777506266424,0.40868379762788215
126,0.45474817423855357,0.39508136788036646,0.5050548726920595,0.461399028094428,0.24352522976414556,0.2642952075683057,0.22264388761400827,0.6538741276266669,0.7262801622696554,0.5556521460426898,0.4727862766081686,0.5298483269687221,0.40712222027874057
127,0.4524935698128204,0.39300731916315323,0.5027507511643082,0.46000880752694484,0.24155987925503172,0.26249472436207477,0.22054245866385577,0.6522616255379202,0.725071249483424,0.5545641245350817,0.4707309537192112,0.5274192934497395,0.4054845840440683
128,0.4502135170853077,0.39093886894500757,0.50042438560985,0.45863323186110594,0.23941948898041,0.26054369316248943,0.21823514563458485,0.6507759256682083,0.7240531106580178,0.5536477995922161,0.46844437612873013,0.5246664525166902,0.4037518149886515
129,0.4479062375107096,0.3888730496096305,0.4980732526762073,0.4572721468241654,0.23707834101916034,0.2584176378593463,0.21569619786797267,0.649412575907696,0.7232050890863284,0.5528845801776956,0.4659087525752205,0.5215703531460298,0.40190695775323
130,0.44557077551788105,0.3868073491364189,0.4956956615822082,0.4559253997685218,0.2345170314436896,0.25609795943476016,0.2129064387840378,0.6481658720072919,0.7225065436279293,0.5522558892651364,0.4631111008238103,0.5181176624878058,0.3999361215136782
131,0.4432070887767794,0.3847398288587903,0.4932908781278518,0.45459283965459873,0.23172319399427166,0.25357257490463264,0.20985408552955803,0.6470289998662139,0.7219374675629676,0.5517437208066709,0.4600443034986235,0.514302414011244,0.3978293206526608
132,0.44081610806350185,0.38266921314512287,0.4908592145212418,0.4532743170339051,0.22869204394485607,0.25083639034830335,0.20653537863419724,0.645994181447081,0.7214789733705983,0.5513310760335386,0.45670798423620035,0.5101270476887988,0.3955811645241089
133,0.43839977540595476,0.3805949574241862,0.4884020940029999,0.4519696840322742,0.2254267026106167,0.24789157420431013,0.20295497478532792,0.6450528202589356,0.7211136434597707,0.5510022791137936,0.45310914116132717,0.50560316203427,0.3931913562280549
134,0.4359610402602812,0.37851727568826193,0.48592206705457647,0.45067879433328,0.2219382671984372,0.24474760053415232,0.1991260610849415,0.6441956429760178,0.7208257548413293,0.5507431793571964,0.44926248427539994,0.5007519087841218,0.39066496858652633
135,0.4335038287671201,0.3764371400270904,0.4834227955915743,0.449401503161827,0.21824559950396913,0.24142103955357233,0.19507015945436618,0.643412834487645,0.7206013916374581,0.5505412524737123,0.4451904377818577,0.49560397846930276,0.3880124763077618
136,0.43103298247755406,0.3743562485721777,0.480909000857216,0.44813766726791365,0.2143973584732581,0.2379576226259324,0.19083709432058404,0.6426941644590535,0.7204284631100176,0.550385616799016,0.4409227869425875,0.4901991481735633,0.38524953617528795
137,0.428554168683334,0.37227696359712836,0.47838637731971984,0.44688714491056686,0.21039694656774943,0.23435725191097456,0.1864366412245245,0.642029104281023,0.7202966466858132,0.550266982017232,0.4364959705616871,0.48458538986343064,0.38239652127175006
138,0.4260737654737805,0.3702022226798378,0.47586147613556123,0.44564979584194525,0.20628417082718856,0.23065575374446975,0.18191258790990752,0.6414069340556567,0.7201742933212819,0.5501603113224907,0.4319520430186131,0.4788175667124168,0.3794778297964433
139,0.4235987255087448,0.368135426865124,0.47334156284036505,0.4444254812916104,0.20210246748428007,0.2268922207358521,0.1773127142327082,0.6408168399685065,0.7200683392193525,0.5500697327753319,0.42733735204713147,0.4729557733852039,0.37652100286784285
140,0.42113642320103817,0.36608031062979174,0.47083445482279024,0.4432140639509634,0.19789753251571976,0.22310777926414782,0.17268728576729184,0.6402480030001562,0.7199700110582614,0.5499877926410892,0.4227009982304828,0.4670634017536032,0.3735556976873859
141,0.4186944987696088,0.3640408061752673,0.4683483538113555,0.44201540795784555,0.1937158291728113,0.21934424625553017,0.16808741209009248,0.6396896804066977,0.7198709073429848,0.5499074896739096,0.4180931576456539,0.4612050336197166,0.370612571532091
142,0.4162806724900841,0.36202088033656493,0.4658916446847761,0.4408293788813012,0.18960305343225045,0.21564274808902537,0.1635633587754755,0.639131281728789,0.719762682651349,0.5498220119885118,0.4135633587754755,0.4554442748051507,0.3677221374025754
143,0.41390258272847097,0.36002439129473707,0.46347271980646276,0.4396558437065012,0.18560264152674175,0.21204237737406753,0.159162905679416,0.6385624412617293,0.7196572295119854,0.549742922133989,0.40916290567941593,0.4498436981374385,0.36492184906871933
144,0.41156762105335537,0.3580549435069213,0.46109980009161555,0.438494670819825,0.18175440049603067,0.20857896044642765,0.15492984054563386,0.6379730889307923,0.7195188866900333,0.5496391650175249,0.4049298405456338,0.44445616069444305,0.36222808034722165
145,0.4092827778346698,0.35611575363219766,0.4587807678459121,0.43734572999410026,0.17809333335715072,0.20530410946590077,0.15087968447062003,0.6373535213715291,0.7193393961269363,0.5495045470952021,0.40090266669286584,0.4393306667000111,0.3596653333500056
146,0.4070545029578671,0.3542095326402827,0.45652301667736794,0.43620889237399707,0.17464871593693354,0.2022318379644087,0.14705873767786307,0.6366944747260425,0.7191090852321832,0.5493318139241373,0.397113587530627,0.4345082023117071,0.3572541011558536
147,0.4048885855921537,0.35233838856390265,0.4543333228640676,0.43508403046157745,0.1714434640344721,0.1993853499815066,0.14348925918022606,0.6359872002523071,0.7188168213035211,0.5491126159776407,0.3935878104379194,0.4300208496482611,0.35501042482413064
148,0.40279005612223756,0.3505037534650992,0.45221774148270255,0.4339710181019957,0.16849380910360903,0.19678252107371771,0.1401853695791476,0.6352235433294543,0.7184500259496257,0.5488375194622193,0.39034319001397,0.4258913327450528,0.35294566637252645
149,0.4007631124342597,0.3487063371709585,0.4501815294213959,0.43286973046935,0.1658092799107051,0.19443600459970398,0.13715289055312488,0.634396025857127,0.7179947650976564,0.5484960738232423,0.3873902079017757,0.42213299187498726,0.35106649593749367
150,0.398811071776841,0.3469461092398026,0.44822909617445705,0.43178004405268355,0.1633929684018593,0.19235359573868585,0.13438949475403092,0.6334979314247844,0.7174359287309372,0.5480769465482027,0.3847322652420453,0.4187501557626031,0.3493750778813017
151,0.3969363484487402,0.34522230949139204,0.446363982106751,0.4307018366421319,0.161242041820794,0.19053881178493529,0.13188513269290683,0.6325233920022373,0.7167575114735856,0.5475681336051891,0.38236624600287344,0.4157388585491117,0.347869429274556
152,0.39514045662632596,0.34353348632083985,0.44458886273923554,0.42963498731521743,0.15934845107043066,0.18899163435231817,0.12962269230441018,0.631467474311409,0.7159430004132605,0.5469572503099452,0.38028329617747375,0.41308783149860295,0.3465439157493016
153,0.3934240367860862,0.34187756096046945,0.44290557659749213,0.4285793764232875,0.15769977804160235,0.1877093506592816,0.12757884107794593,0.6303262635157916,0.7149758701842756,0.5462319026382066,0.3784697558457626,0.4107796892582433,0.3453898446291218
154,0.3917869034282427,0.34025191489756657,0.44131517332624104,0.42753488557809566,0.15628016226965546,0.1866874274021088,0.12572499980014226,0.6290969414401109,0.7138401775667181,0.5453801331750384,0.37690817849662106,0.4087922271775177,0.344396113588759
155,0.39022811119473616,0.33865349683427304,0.4398179781390439,0.4265013976385246,0.15507124948342424,0.18592035182915914,0.12402840038139251,0.6277778562358916,0.7125212391436554,0.5443909293577414,0.37557837443176667,0.407099749276794,0.34354987463839715
156,0.388746036016911,0.3370789449173177,0.43841366826587136,0.4254787966974483,0.15405311065801797,0.18540238013176666,0.1224531868214763,0.6263685802607837,0.7110063665433647,0.5432547749075234,0.3744584217238197,0.4056743549212252,0.3428371774606127
157,0.38733846763523944,0.3355247194907057,0.43710135689141977,0.42446696806873274,0.15320508908632852,0.1851281425381256,0.12096152672589858,0.6248699529557062,0.7092856252785125,0.5419642189588842,0.3735255979949613,0.40448712472085996,0.34224356236043013
158,0.38600270970674055,0.3339872413464458,0.43587968014043654,0.42346579827437403,0.15250654362792934,0.18509306672574893,0.11951470946430794,0.6232841056912237,0.7073525760714358,0.5405144320535767,0.37275719799072227,0.40350916107910106,0.3417545805395507
159,0.3847356837488182,0.3324630303709373,0.43474688294706243,0.4224751750317715,0.1519374675629677,0.18529359544506782,0.1180742147325251,0.6216144659116895,0.7052049527171127,0.5389037145378345,0.37213121431926444,0.4027124545881548,0.3413562272940775
160,0.3835340333471512,0.3309488396035215,0.4337009001164593,0.42149498724113516,0.15147897337059846,0.1857271896222974,0.11660274089193397,0.6198657384225119,0.7028452287724223,0.5371339215793165,0.37162687070765826,0.40207056271883784,0.341035281359419
161,0.38239422536027945,0.32944178002697855,0.4327394295128336,0.4205251249730256,0.1511136434597708,0.1863921237429153,0.11506518537246606,0.618043862323694,0.700281027250453,0.5352107704378396,0.3712250078057479,0.40155910084367913,0.3407795504218396
162,0.38131264526036823,0.3279394318785396,0.4318599950457046,0.41956547945602507,0.15082575484132946,0.18728709510649788,0.11342956946911792,0.6161559428650111,0.6975253333142795,0.5331439999857094,0.37090833032546244,0.4011560567778612,0.3405780283889306
163,0.3802856842312945,0.3264399388796648,0.43105999792926075,0.41861594306453936,0.15060139163745823,0.18841068174826808,0.11166789734456886,0.6142101583514992,0.6945964796031754,0.5309473597023814,0.37066153080120406,0.40084194829244146,0.34042097414622075
164,0.3793098161735254,0.3249420847049849,0.43033675606019367,0.4176764093067263,0.1504284631100179,0.18976069468031753,0.10975693469953228,0.6122156472501744,0.6915178867786065,0.5286384150839548,0.37047130942101975,0.400599848354025,0.3402999241770126
165,0.37838166331256035,0.32344534250961926,0.42968752982542774,0.41674677281255357,0.15029664668581344,0.19133347795472555,0.1076788874258307,0.6101823641039854,0.6883175572541995,0.5262381679406495,0.3703263113543948,0.4004153053601388,0.34020765268006947
166,0.37749804964829176,0.32194990527495326,0.42910953739545,0.4158269293219808,0.15019727554352802,0.19312321436170143,0.10542195581499358,0.6081209238901734,0.6850273366617509,0.5237705024963131,0.3702170030978808,0.4002761857609392,0.34013809288046964
167,0.37665604045439804,0.3204566900822655,0.42859995810666346,0.41491677567326657,0.15012318907211666,0.19512129498903544,0.1029807367517506,0.6060424287753072,0.681681973987424,0.521261480490568,0.3701355079793283,0.40017246470096324,0.3400862323504817
168,0.37585297510368987,0.3189673243435869,0.42815593318612083,0.4140162097913989,0.1500685623159549,0.1973158072402129,0.10035644579800353,0.6039582836076359,0.6783180260125757,0.5187385195094317,0.3700754185475503,0.40009598724233675,0.3400479936211685
169,0.3750864814902778,0.31748410640221963,0.4277745568561122,0.4131251306766477,0.1500287277778073,0.19969118835003208,0.09755693386986745,0.6018800131306342,0.6749726633382491,0.5162294975036866,0.37003160055558804,0.40004021888893015,0.3400201094444652
170,0.37435448277332917,0.3160099421843773,0.4274528577443308,0.41224343839323674,0.15,0.20222808034722145,0.09459647960317541,0.5998190537785406,0.6716824427458004,0.5137618320593502,0.36999999999999994,0.39999999999999986,0.34
171,0.37365519462495667,0.3145482714657326,0.42718778828245907,0.4113710340581362,0.15,0.20492184906871916,0.09151788677860657,0.5977865732039761,0.6684821132213934,0.5113615849160449,0.36999999999999994,0.39999999999999986,0.34
172,0.37298711436234655,0.3131029776511865,0.42697621212621384,0.4105078198299729,0.15,0.20772213740257522,0.08831755725419964,0.5957932904470248,0.6654035203968246,0.5090526402976184,0.36999999999999994,0.39999999999999986,0.34
173,0.3723490034421916,0.31167828687827215,0.4268148947725097,0.40965369889805703,0.15,0.21060108042096787,0.08502733666175091,0.5938493098237254,0.6624746666857206,0.5068560000142903,0.36999999999999994,0.39999999999999986,0.34
174,0.37173986454602115,0.31027865829926327,0.4267004975029974,0.4088085754715246,0.15,0.2135282727610038,0.0816819739874241,0.5919639687107571,0.6597189727495469,0.5047892295621601,0.36999999999999994,0.39999999999999986,0.34
175,0.37115891602034984,0.3089086776440868,0.426629582945646,0.40797235476859456,0.15,0.21647172723899602,0.07831802601257588,0.5901457222424288,0.6571547712275779,0.5028660784206832,0.36999999999999994,0.39999999999999986,0.34
176,0.370605562828462,0.3075729463146529,0.42659861790973985,0.407144943005939,0.15,0.21939891957903196,0.07497266333824909,0.5884020342525303,0.6547950472828874,0.5010962854621654,0.36999999999999994,0.39999999999999986,0.34
177,0.37007936707495204,0.3062759688174331,0.42660399426176715,0.4063262473881648,0.15,0.22227786259742455,0.07168244274580038,0.5867393032781333,0.6526474239285643,0.499485567946423,0.36999999999999994,0.39999999999999986,0.34
178,0.36958001869010737,0.3050220564606926,0.4266420486182607,0.40551617609740703,0.15,0.2250781509312806,0.06848211322139344,0.5851628166339382,0.6507143747214876,0.4980357810411155,0.36999999999999994,0.39999999999999986,0.34
179,0.36910730724336926,0.303815237880346,0.4267090909445945,0.4047146382830309,0.15,0.22777191965277832,0.06540352039682461,0.5836767328773633,0.6489936334566354,0.4967452250924762,0.36999999999999994,0.39999999999999986,0.34
180,0.36866109567648253,0.3026591818879055,0.42680143829976286,0.4039215440514431,0.15,0.23033466664999433,0.06247466668572064,0.5822840920675995,0.6474787608563447,0.4956090706422583,0.36999999999999994,0.39999999999999986,0.34
181,0.3682412965654693,0.30155713445972837,0.4269154524294105,0.40313680445601,0.15,0.23274589884414634,0.059718972749546906,0.5809868523659791,0.6461598224332821,0.49461986682496134,0.36999999999999994,0.39999999999999986,0.34
182,0.3678478513428771,0.3005118711170376,0.42704757971688373,0.4023603314870822,0.15,0.23498957517586938,0.057154771227577755,0.5797859507620273,0.6450241298157247,0.4937680973617933,0.36999999999999994,0.39999999999999986,0.34
183,0.36748071274315114,0.2995256653638174,0.42719439190508035,0.4015920380621242,0.15,0.23705433362747352,0.05479504728288728,0.5786813850649234,0.6440569995867397,0.49304274969005446,0.36999999999999994,0.39999999999999986,0.34
184,0.3671398305786993,0.2986002732759322,0.42735262599790175,0.4008318380159476,0.15,0.2389335040625063,0.05264742392856412,0.5776723137918303,0.6432424885264146,0.4924318663948107,0.36999999999999994,0.39999999999999986,0.34
185,0.3668251408153378,0.2977369337894248,0.4275192218314403,0.40007964609104796,0.15,0.24062492211869838,0.05071437472148746,0.5767571702227795,0.642564071269063,0.491923053451797,0.36999999999999994,0.39999999999999986,0.34
186,0.3665365577955007,0.2969363837362803,0.4276913559596977,0.39933537792804286,0.15,0.24213057072544408,0.04899363345663523,0.5759337866788475,0.6420052349023436,0.4915039261767575,0.36999999999999994,0.39999999999999986,0.34
187,0.3662739693572263,0.2961988862365798,0.42786647071252537,0.39859895005621104,0.15,0.24345608425069845,0.04747876085634454,0.5751995250111454,0.6415499740503744,0.4911624805377805,0.36999999999999994,0.39999999999999986,0.34
188,0.3660372345171121,0.2955242706881904,0.4280422975375027,0.3978702798841308,0.15,0.24461015537087827,0.04615982243328189,0.5745514093514102,0.641183178696479,0.490887384022359,0.36999999999999994,0.39999999999999986,0.34
189,0.3658261833262333,0.2949119823067959,0.4282168740148545,0.39714928569041746,0.15,0.2456038864112411,0.04502412981572439,0.5739862573542438,0.6408909147678168,0.4906681860758624,0.36999999999999994,0.39999999999999986,0.34
190,0.36564061846883256,0.2943611389644954,0.42838855421782746,0.3964358866145579,0.15,0.246450125361603,0.04405699958673941,0.5735008064365344,0.6406606038730637,0.49049545290479757,0.36999999999999994,0.39999999999999986,0.34
191,0.3654803181539246,0.29387059295539264,0.42855601236430885,0.3957300026478425,0.15,0.24716282253938737,0.04324248852641438,0.5730918318696306,0.6404811133099666,0.4903608349824748,0.36999999999999994,0.39999999999999986,0.34
192,0.36534503984764727,0.2934389952795227,0.4287182399551913,0.39503155462439143,0.15,0.24775643763956995,0.04256407126906283,0.5727562539825848,0.6403427704880145,0.4902570778660106,0.36999999999999994,0.39999999999999986,0.34
193,0.365234524408514,0.2930648600774591,0.4288745368103599,0.3943404642122765,0.15,0.2482454194604494,0.04200523490234349,0.5724912321697548,0.6402373173486509,0.49017798801148793,0.36999999999999994,0.39999999999999986,0.34
194,0.36514850021618145,0.292746626960277,0.4290244965867408,0.39365665390473586,0.15,0.24864377270592253,0.041549974050374174,0.5722942438452359,0.640163565990384,0.4901413475483626,0.36999999999999994,0.39999999999999986,0.34
195,0.36508668692414625,0.2924827191549088,0.42916798749062424,0.3929800470114818,0.15,0.248964718640581,0.04118317869647879,0.5721631469354638,0.6401122637208845,0.4901287632960337,0.36999999999999994,0.39999999999999986,0.34
196,0.3650487985203177,0.29227159561402394,0.4293051289777318,0.39231056765009936,0.15,0.24922044957816034,0.04089091476781667,0.5720962249391871,0.6400794876671873,0.4901396886472661,0.36999999999999994,0.39999999999999986,0.34
197,0.36503454543342,0.29211179551258143,0.42943626527157924,0.3916481407375367,0.15,0.2494219716110693,0.04066060387306359,0.5720922140041818,0.6400624373309515,0.49017505710150666,0.36999999999999994,0.39999999999999986,0.34
198,0.36504363548896507,0.2920019738602152,0.42956193652838404,0.39099269198168374,0.15,0.24957902585377917,0.0404811133099666,0.572150311869492,0.6400593293371627,0.4902373173486506,0.36999999999999994,0.39999999999999986,0.34
199,0.3650757735840079,0.29194092728992216,0.42968284844177584,0.39034414787304045,0.15,0.24970007582298737,0.04034277048801435,0.5722701689005465,0.6400856926220035,0.4903427704880141,0.36999999999999994,0.39999999999999986,0.34
200,0.3651306600157758,0.2919276094297946,0.4297998410207402,0.389702435676473,0.15,0.2497923473199305,0.040237317348650777,0.5724518618041184,0.6401202783274915,0.4904811133099664,0.36999999999999994,0.39999999999999986,0.34
201,0.3652079874680282,0.291961135616988,0.42991385719788844,0.3890674834230559,0.15,0.2498619071195303,0.04015782043482244,0.5726958509536533,0.6401651509682658,0.49066060387306343,0.36999999999999994,0.39999999999999986,0.34
202,0.3653074337764754,0.2920407745444465,0.4300259086217252,0.38843921990200075,0.15,0.24991376764951823,0.04009855125769334,0.5730029225856679,0.6402227286919542,0.49089091476781654,0.36999999999999994,0.39999999999999986,0.34
203,0.36542866408106744,0.29216593885006775,0.4301370538903742,0.3878175746526701,0.15,0.24995200637883144,0.04005484985276394,0.5733741174461425,0.6402957946741197,0.49118317869647865,0.36999999999999994,0.39999999999999986,0.34
204,0.3655713189749998,0.2923361552257996,0.430248363827483,0.3872024779566746,0.15,0.24997989055553474,0.040022982222245866,0.5738106477715266,0.6403874935125934,0.49154997405037404,0.36999999999999994,0.39999999999999986,0.34
205,0.36573500754216226,0.2925510311265146,0.43036089459044935,0.38659386083005487,0.15,0.2499999999999999,0.04,0.5743138047788279,0.6405013087255859,0.4920052349023433,0.36999999999999994,0.39999999999999986,0.34
206,0.3659192997819983,0.29281021448796907,0.4304756625888884,0.385991655015544,0.15,0.2499999999999999,0.04,0.5748848591071429,0.6406410178172657,0.49256407126906265,0.36999999999999994,0.39999999999999986,0.34
207,0.3661237187190293,0.2931133480362902,0.4305936214636866,0.38539579297491294,0.15,0.2499999999999999,0.04,0.575524956889951,0.6408106221316036,0.4932424885264142,0.36999999999999994,0.39999999999999986,0.34
208,0.36634773250229635,0.29346001994855575,0.4307156413354407,0.38480620788139547,0.15,0.2499999999999999,0.04,0.5762350143323924,0.6410142498966849,0.49405699958673926,0.36999999999999994,0.39999999999999986,0.34
209,0.36659074680234105,0.29384971275077754,0.4308424905006553,0.38422283361219434,0.15,0.2499999999999999,0.04,0.5770156138078066,0.641256032453931,0.49502412981572425,0.36999999999999994,0.39999999999999986,0.34
210,0.36685209780627,0.2942817524105963,0.43097481973167395,0.38364560474106457,0.15,0.2499999999999999,0.04,0.5778669045599485,0.6415399556083204,0.49615982243328177,0.36999999999999994,0.39999999999999986,0.34
211,0.3671310460958718,0.2947552595929919,0.4311131493184101,0.3830744565309763,0.15,0.2499999999999999,0.04,0.5787885110890835,0.6418696902140861,0.49747876085634446,0.36999999999999994,0.39999999999999986,0.34
212,0.3674267716701646,0.29526910499547454,0.43125785897273927,0.3825093249268545,0.15,0.2499999999999999,0.04,0.5797794522011216,0.6422484083641588,0.49899363345663517,0.36999999999999994,0.39999999999999986,0.34
213,0.3677383703427152,0.29582187056354103,0.43140918069654327,0.3819501465483948,0.15,0.2499999999999999,0.04,0.5808380735018743,0.6426785936803718,0.5007143747214875,0.36999999999999994,0.39999999999999986,0.34
214,0.36806485170652087,0.29641181820883317,0.4315671946889685,0.38139685868295564,0.15,0.2499999999999999,0.04,0.5819619958202337,0.643161855982141,0.5026474239285641,0.36999999999999994,0.39999999999999986,0.34
215,0.36840513881617526,0.29703686741494184,0.4317318283355231,0.3808493992785246,0.15,0.2499999999999999,0.04,0.5831480816464861,0.6436987618207217,0.5047950472828873,0.36999999999999994,0.39999999999999986,0.34
216,0.36875806968965996,0.29769458282533073,0.4319028582801493,0.3803077069367594,0.15,0.2499999999999999,0.04,0.5843924211822924,0.6442886928068944,0.5071547712275778,0.36999999999999994,0.39999999999999986,0.34
217,0.3691224006817781,0.2983821725730183,0.43207991553145747,0.379771720906102,0.15,0.2499999999999999,0.04,0.5856903390298437,0.6449297431873866,0.5097189727495469,0.36999999999999994,0.39999999999999986,0.34
218,0.3694968117293922,0.2990964977435556,0.43226249349689694,0.37924138107496524,0.15,0.2499999999999999,0.04,0.5870364219172294,0.6456186666714302,0.5124746666857206,0.36999999999999994,0.39999999999999986,0.34
219,0.369879913416732,0.2998340929745278,0.4324499587757893,0.378716627964991,0.15,0.2499999999999999,0.04,0.5884245671875376,0.6463508800992063,0.5154035203968246,0.36999999999999994,0.39999999999999986,0.34
220,0.37027025575861683,0.30059119752587216,0.43264156420136596,0.3781974027243799,0.15,0.2499999999999999,0.04,0.5898480502712024,0.6471205283053485,0.5184821132213935,0.36999999999999994,0.39999999999999986,0.34
221,0.37066633855193226,0.3013637969342314,0.4328364647194382,0.377683647121291,0.15,0.2499999999999999,0.04,0.591299612181526,0.6479206106864501,0.5216824427458004,0.36999999999999994,0.39999999999999986,0.34
222,0.3710666231025118,0.30214767299464307,0.4330337346180457,0.37717530353731066,0.15,0.2499999999999999,0.04,0.5927715614135596,0.6487431658345624,0.5249726633382491,0.36999999999999994,0.39999999999999986,0.34
223,0.3714695450969229,0.302938461259194,0.43323238633188643,0.3766723149609909,0.15,0.2499999999999999,0.04,0.594255889364456,0.649579506503144,0.5283180260125759,0.36999999999999994,0.39999999999999986,0.34
224,0.3718735283576409,0.30373171419658035,0.4334313902188878,0.3761746249814555,0.15,0.2499999999999999,0.04,0.595744395588721,0.6504204934968562,0.5316819739874241,0.36999999999999994,0.39999999999999986,0.34
225,0.37227699919657053,0.3045229649593054,0.4336296940302865,0.37568217778207313,0.15,0.2499999999999999,0.04,0.5972288133947634,0.6512568341654378,0.5350273366617508,0.36999999999999994,0.39999999999999986,0.34
226,0.3726784010664653,0.3053078019892281,0.43382624463172853,0.37519491813419775,0.15,0.2499999999999999,0.04,0.5987009549714842,0.6520793893135499,0.5383175572541997,0.36999999999999994,0.39999999999999986,0.34
227,0.3730762092028865,0.30608193410939183,0.43402000689924364,0.3747127913909745,0.15,0.2499999999999999,0.04,0.6001528379104574,0.6528794716946517,0.5415178867786065,0.36999999999999994,0.39999999999999986,0.34
228,0.3734689449510079,0.3068412563249814,0.434209982366767,0.374235743481211,0.15,0.2499999999999999,0.04,0.6015768123318721,0.6536491199007939,0.5445964796031754,0.36999999999999994,0.39999999999999986,0.34
229,0.3738551894816652,0.3075819112633299,0.4343952263850641,0.37376372090331317,0.15,0.2499999999999999,0.04,0.602965679158265,0.65438133332857,0.5475253333142793,0.36999999999999994,0.39999999999999986,0.34
230,0.37423359661909394,0.30830034366936376,0.4345748622679445,0.37329667071928485,0.15,0.2499999999999999,0.04,0.6043127933839365,0.6550702568126134,0.550281027250453,0.36999999999999994,0.39999999999999986,0.34
231,0.37460290452814765,0.30899335031521546,0.4347480972232883,0.37283454054879106,0.15,0.2499999999999999,0.04,0.6056121630836837,0.6557113071931056,0.5528452287724223,0.36999999999999994,0.39999999999999986,0.34
232,0.3749619460405039,0.30965811739750193,0.4349142308284329,0.3723772785632832,0.15,0.2499999999999999,0.04,0.6068585184192016,0.6563012381792782,0.5552049527171127,0.36999999999999994,0.39999999999999986,0.34
233,0.37530965743637523,0.31029224989959814,0.43507266298340774,0.37192483348018635,0.15,0.2499999999999999,0.04,0.6080473677675089,0.6568381440178591,0.5573525760714358,0.36999999999999994,0.39999999999999986,0.34
234,0.3756450855393048,0.3108937907734135,0.4352228990576702,0.3714771545571481,0.15,0.2499999999999999,0.04,0.6091750343339832,0.6573214063196282,0.5592856252785124,0.36999999999999994,0.39999999999999986,0.34
235,0.37596739302544235,0.3114612298040484,0.43536455223204285,0.3710341915863475,0.15,0.2499999999999999,0.04,0.610238673054137,0.6577515916358412,0.5610063665433647,0.36999999999999994,0.39999999999999986,0.34
236,0.3762758618938367,0.3119935023679469,0.43549734312026184,0.3705958948888643,0.15,0.2499999999999999,0.04,0.6112362682323129,0.6581303097859138,0.5625212391436554,0.36999999999999994,0.39999999999999986,0.34
237,0.37656989508944344,0.31248997749740776,0.4356210978109171,0.3701622153091074,0.15,0.2499999999999999,0.04,0.6121666129624873,0.6584600443916796,0.563840177566718,0.36999999999999994,0.39999999999999986,0.34
238,0.3768490163143499,0.3129504412054754,0.4357357400634051,0.36973310420930194,0.15,0.2499999999999999,0.04,0.6130292719033208,0.6587439675460689,0.5649758701842754,0.36999999999999994,0.39999999999999986,0.34
239,0.3771128681039656,0.3133750671480257,0.43584128579740083,0.3693085134640345,0.15,0.2499999999999999,0.04,0.6138245294181401,0.6589857501033152,0.5659430004132604,0.36999999999999994,0.39999999999999986,0.34
240,0.3773612082825127,0.3137643829720146,0.43593783397976904,0.3688883954548558,0.15,0.2499999999999999,0.04,0.6145533254276756,0.6591893778683964,0.5667575114735854,0.36999999999999994,0.39999999999999986,0.34
241,0.3775939049451281,0.3141192315163049,0.43602555618495,0.3684727030649402,0.15,0.2499999999999999,0.04,0.6152171815518827,0.6593589821827343,0.5674359287309371,0.36999999999999994,0.39999999999999986,0.34
242,0.37781093014153116,0.31444072829277914,0.4361046851975951,0.36806138967380136,0.15,0.2499999999999999,0.04,0.6158181202355615,0.6594986912744141,0.5679947650976563,0.36999999999999994,0.39999999999999986,0.34
243,0.37801235245795184,0.31473021667905504,0.43617550303075353,0.36765440915206404,0.15,0.2499999999999999,0.04,0.6163585795647132,0.6596125064874064,0.5684500259496257,0.36999999999999994,0.39999999999999986,0.34
244,0.37819832870954223,0.3149892222055664,0.43623832872466295,0.3672517158562903,0.15,0.2499999999999999,0.04,0.6168413263953443,0.6597042053258803,0.5688168213035211,0.36999999999999994,0.39999999999999986,0.34
245,0.37836909496465476,0.31521940722584185,0.43629350627178903,0.3668532646238604,0.15,0.2499999999999999,0.04,0.6172693702464463,0.6597772713080456,0.5691090852321832,0.36999999999999994,0.39999999999999986,0.34
246,0.37852495712386464,0.31542252712787916,0.43634139298516855,0.36645901076790843,0.15,0.2499999999999999,0.04,0.617645880169572,0.659834849031734,0.5693393961269362,0.36999999999999994,0.39999999999999986,0.34
247,0.3786662812775359,0.3156003890858993,0.4363823485914677,0.3660689100723098,0.15,0.2499999999999999,0.04,0.6179741065160504,0.6598797216725082,0.5695188866900331,0.36999999999999994,0.39999999999999986,0.34
248,0.3787934840522852,0.3157548141750862,0.43641672528969955,0.3656829187867227,0.15,0.2499999999999999,0.04,0.6182573091971787,0.6599143073779962,0.5696572295119854,0.36999999999999994,0.39999999999999986,0.34
249,0.3789070231454666,0.3158876034866075,0.43644485897334273,0.36530099362168167,0.15,0.2499999999999999,0.04,0.6184986936899254,0.659940670662837,0.5697626826513491,0.36999999999999994,0.39999999999999986,0.34
250,0.37900738822818236,0.31600050869487467,0.4364670617695195,0.36492309174374216,0.15,0.2499999999999999,0.04,0.6187013556965913,0.6599576721135135,0.5698393067873968,0.36999999999999994,0.39999999999999986,0.34
251,0.379095092375813,0.31609520735117397,0.4364836160055329,0.36454917077067706,0.15,0.2499999999999999,0.04,0.6188682350350607,0.6599685059539812,0.5698945925107111,0.36999999999999994,0.39999999999999986,0.34
252,0.37917066416000866,0.31617328301349645,0.436494769671579,0.3641791887667232,0.15,0.2499999999999999,0.04,0.6190020790276138,0.6599739686295973,0.5699328312400244,0.36999999999999994,0.39999999999999986,0.34
253,0.37923464051047234,0.3162362101761042,0.43650073340969525,0.3638131042378786,0.15,0.2499999999999999,0.04,0.6191054153786996,0.6599745268900855,0.5699572902234012,0.36999999999999994,0.39999999999999986,0.34
254,0.37928756042685186,0.31628534383691403,0.4365016790233864,0.3634508761272483,0.15,0.2499999999999999,0.04,0.6191805342904511,0.6599703353314185,0.5699703353314185,0.36999999999999994,0.39999999999999986,0.34
255,0.37932995959330507,0.3163219134374642,0.436497739470039,0.3630924638104402,0.15,0.2499999999999999,0.04,0.6192294793612553,0.659957153688998,0.569957153688998,0.36999999999999994,0.39999999999999986,0.34
256,0.3793623659214893,0.3163470208289967,0.436489010269053,0.36273782709100894,0.15,0.2499999999999999,0.04,0.619254046647075,0.6599398608362539,0.569939860836254,0.36999999999999994,0.39999999999999986,0.34
257,0.37938529601884136,0.3163616418579071,0.43647555223231543,0.3623869261959474,0.15,0.2499999999999999,0.04,0.6192557911353341,0.6599174245158668,0.5699174245158669,0.36999999999999994,0.39999999999999986,0.34
258,0.3793992525584511,0.3163666311225135,0.43645739539988476,0.36203972177122684,0.15,0.2499999999999999,0.04,0.6192360397835978,0.6598886356540226,0.5698886356540228,0.36999999999999994,0.39999999999999986,0.34
259,0.37940472250139506,0.3163627294283786,0.43643454404220733,0.36169617487738265,0.15,0.2499999999999999,0.04,0.6191959102058794,0.6598521026629398,0.56985210266294,0.36999999999999994,0.39999999999999986,0.34
260,0.37940217610338745,0.31635057345861034,0.4364069825706902,0.3613562469851474,0.15,0.2499999999999999,0.04,0.6191363340439507,0.6598062532437029,0.569806253243703,0.36999999999999994,0.39999999999999986,0.34
261,0.37939206662084723,0.31633070717613515,0.4363746821809317,0.3610198999711298,0.15,0.2499999999999999,0.04,0.6190580840356005,0.6597493456372067,0.5697493456372069,0.36999999999999994,0.39999999999999986,0.34
262,0.3793748306166693,0.3163035944845477,0.4363376080375562,0.36068709611353916,0.15,0.2499999999999999,0.04,0.6189618037831561,0.6596794910913668,0.5696794910913671,0.36999999999999994,0.39999999999999986,0.34
263,0.3793508887571935,0.3162696326908734,0.43629572679674894,0.36035779808795476,0.15,0.2499999999999999,0.04,0.6188480392314335,0.6595946889341978,0.5695946889341981,0.36999999999999994,0.39999999999999986,0.34
264,0.379320646982918,0.3162291663359784,0.4362490142528226,0.3600319689631399,0.15,0.2499999999999999,0.04,0.6187172708832016,0.6594928750516573,0.5694928750516575,0.36999999999999994,0.39999999999999986,0.34
265,0.37928449793184554,0.3161825009853995,0.4361974628891085,0.35970957219689986,0.15,0.2499999999999999,0.04,0.6185699458117622,0.6593719837730341,0.5693719837730344,0.36999999999999994,0.39999999999999986,0.34
266,0.3792428224932056,0.3161299166044437,0.4361410891119222,0.35939057163198385,0.15,0.2499999999999999,0.04,0.6184065085745487,0.6592300221958394,0.5692300221958397,0.36999999999999994,0.39999999999999986,0.34
267,0.37919599137098764,0.3160716801762157,0.4360799399500144,0.3590749314920298,0.15,0.2499999999999999,0.04,0.6182274301893453,0.6590651548929566,0.5690651548929568,0.36999999999999994,0.39999999999999986,0.34
268,0.379144366541022,0.3160080572596638,0.4360140990114164,0.3587626163775521,0.15,0.2499999999999999,0.04,0.6180332344066203,0.6588757958179202,0.5688757958179206,0.36999999999999994,0.39999999999999986,0.34
269,0.37908830249193237,0.31593932222672716,0.4359436915053462,0.35845359126197124,0.15,0.2499999999999999,0.04,0.6178245205981105,0.6586607031598137,0.568660703159814,0.36999999999999994,0.39999999999999986,0.34
270,0.3790281471488675,0.31586576696314544,0.4358688881590594,0.3581478214876861,0.15,0.2499999999999999,0.04,0.6176019826833077,0.6584190720089292,0.5684190720089295,0.36999999999999994,0.39999999999999986,0.34
271,0.37896424238911597,0.3157877078661486,0.43578990788804456,0.35784527276218614,0.15,0.2499999999999999,0.04,0.6173664236312898,0.6581506190896388,0.568150619089639,0.36999999999999994,0.39999999999999986,0.34
272,0.37889692407020265,0.31570549102365586,0.4357070191123143,0.3575459111542063,0.15,0.2499999999999999,0.04,0.6171187652039555,0.6578556535965525,0.5678556535965528,0.36999999999999994,0.39999999999999986,0.34
273,0.3788265215034789,0.3156194955129576,0.43562053965088415,0.35724970308992127,0.15,0.2499999999999999,0.04,0.6168600527457629,0.6575351284063063,0.5675351284063066,0.36999999999999994,0.39999999999999986,0.34
274,0.37875335631925033,0.31553013481117004,0.43553083516966823,0.35695661534917994,0.15,0.2499999999999999,0.04,0.6165914549712573,0.6571906666642846,0.567190666664285,0.36999999999999994,0.39999999999999986,0.34
275,0.3786777406828052,0.315437856363714,0.4354383162035169,0.35666661506177993,0.15,0.2499999999999999,0.04,0.6163142588508467,0.6568245599503966,0.5668245599503969,0.36999999999999994,0.39999999999999986,0.34
276,0.3785999748340562,0.315343132256781,0.43534343051809476,0.35637966970378115,0.15,0.2499999999999999,0.04,0.6160298449875992,0.6564397358473255,0.5664397358473259,0.36999999999999994,0.39999999999999986,0.34
277,0.3785203439366628,0.31524646422032293,0.4352466615753282,0.35609574709385805,0.15,0.2499999999999999,0.04,0.6157396918074777,0.6560396946567747,0.5660396946567751,0.36999999999999994,0.39999999999999986,0.34
278,0.37843911423527543,0.3151483739252859,0.43514851976646474,0.35581481538969056,0.15,0.2499999999999999,0.04,0.615445348377028,0.6556284170827186,0.5656284170827189,0.36999999999999994,0.39999999999999986,0.34
279,0.37835652853182045,0.3150493954316614,0.43504953427777193,0.35553684308439293,0.15,0.2499999999999999,0.04,0.6151484110122944,0.6552102467484278,0.565210246748428,0.36999999999999994,0.39999999999999986,0.34
280,0.37827280100346067,0.3149500663234485,0.4349502440919788,0.35526179900298016,0.15,0.2499999999999999,0.04,0.614850496667193,0.6547897532515716,0.564789753251572,0.36999999999999994,0.39999999999999986,0.34
281,0.3781881113960186,0.3148509181034375,0.4348511887159502,0.35498965229887164,0.15,0.2499999999999999,0.04,0.6145532148577338,0.6543715829172809,0.5643715829172812,0.36999999999999994,0.39999999999999986,0.34
282,0.3781025986372569,0.31475246449065764,0.43475289730566335,0.3547203724504316,0.15,0.2499999999999999,0.04,0.6142581341059825,0.6539603053432248,0.563960305343225,0.36999999999999994,0.39999999999999986,0.34
283,0.3780163539246255,0.3146551900667498,0.4346558786739469,0.3544539292575465,0.15,0.2499999999999999,0.04,0.6139667503160369,0.653560264152674,0.5635602641526742,0.36999999999999994,0.39999999999999986,0.34
284,0.3779294133519687,0.31455953787740115,0.43456061083694186,0.35419029283823716,0.15,0.2499999999999999,0.04,0.6136804529914162,0.6531754400496028,0.5631754400496031,0.36999999999999994,0.39999999999999986,0.34
285,0.37784175014947313,0.3144658964906735,0.4344675306605025,0.3539294336253087,0.15,0.2499999999999999,0.04,0.6134004909060132,0.6528093333357148,0.5628093333357151,0.36999999999999994,0.39999999999999986,0.34
286,0.37775326662095515,0.3143745877054572,0.43437702402728623,0.3536713223630332,0.15,0.2499999999999999,0.04,0.6131279396680787,0.652464871593693,0.5624648715936934,0.36999999999999994,0.39999999999999986,0.34
287,0.3776637858726455,0.3142858498072779,0.43428941534748156,0.35341593010386974,0.15,0.2499999999999999,0.04,0.6128636617764686,0.6521443464034471,0.5621443464034472,0.36999999999999994,0.39999999999999986,0.34
288,0.3775730434380567,0.31419982534310753,0.43420495872753134,0.35316322820521706,0.15,0.2499999999999999,0.04,0.6126082761169064,0.6518493809103607,0.5618493809103609,0.36999999999999994,0.39999999999999986,0.34
289,0.3774806789144753,0.3141165462600072,0.4341238290504736,0.35291318832620183,0.15,0.2499999999999999,0.04,0.6123621235636785,0.6515809279910703,0.5615809279910704,0.36999999999999994,0.39999999999999986,0.34
290,0.37738622773810154,0.31403591852776375,0.4340461135112085,0.35266578242450003,0.15,0.2499999999999999,0.04,0.6121252326977681,0.6513392968401857,0.5613392968401859,0.36999999999999994,0.39999999999999986,0.34
291,0.37728911323692804,0.3139577061470697,0.4339718035678263,0.35242098275319167,0.15,0.2499999999999999,0.04,0.6118972854482208,0.6511242041820792,0.5611242041820793,0.36999999999999994,0.39999999999999986,0.34
292,0.37718863911290756,0.3138815144389242,0.4339007872444547,0.3521787618576493,0.15,0.2499999999999999,0.04,0.6116775824119679,0.6509348451070429,0.5609348451070431,0.36999999999999994,0.39999999999999986,0.34
293,0.37708398251767095,0.31380677251984407,0.4338328417039605,0.35193909257245876,0.15,0.2499999999999999,0.04,0.6114650075894468,0.6507699778041601,0.5607699778041603,0.36999999999999994,0.39999999999999986,0.34
294,0.3769741878986158,0.31373271489358184,0.43376762600223634,0.35170194801837273,0.15,0.2499999999999999,0.04,0.6112579922955822,0.6506280162269654,0.5606280162269656,0.36999999999999994,0.39999999999999986,0.34
295,0.37685816180418885,0.313658362135237,0.4337046739412068,0.35146730159929584,0.15,0.2499999999999999,0.04,0.6110544780730887,0.6505071249483423,0.5605071249483424,0.36999999999999994,0.39999999999999986,0.34
296,0.3767346688480061,0.3135825007091647,0.4336433869562078,0.3512351269993021,0.15,0.2499999999999999,0.04,0.6108518785509968,0.6504053110658016,0.5604053110658017,0.36999999999999994,0.39999999999999986,0.34
297,0.3766023290404565,0.31350366204840396,0.4335830270054235,0.3510053981796836,0.15,0.2499999999999999,0.04,0.6106470403572458,0.6503205089086328,0.5603205089086327,0.36999999999999994,0.39999999999999986,0.34
298,0.3764596167027719,0.3134201011300174,0.43352270947454274,0.35077808937603,0.15,0.2499999999999999,0.04,0.6104362034092384,0.6502506543627927,0.5602506543627929,0.36999999999999994,0.39999999999999986,0.34
299,0.3763048611814082,0.31332977490627023,0.43346139616778984,0.35055317509533945,0.15,0.2499999999999999,0.04,0.6102149611671303,0.6501937467562966,0.5601937467562967,0.36999999999999994,0.39999999999999986,0.34
300,0.3761362495790448,0.3132303210932572,0.4333978885255248,0.35033063011315874,0.15,0.2499999999999999,0.04,0.6099782217350875,0.6501478973370598,0.5601478973370597,0.36999999999999994,0.39999999999999986,0.34
301,0.3759518317116601,0.3131190379723815,0.4333308212862481,0.3501104294707553,0.15,0.2499999999999999,0.04,0.6097201710266301,0.650111364345977,0.560111364345977,0.36999999999999994,0.39999999999999986,0.34
302,0.3757495274867208,0.31299286602044485,0.4332586568940645,0.3498925484723173,0.15,0.2499999999999999,0.04,0.6094342395589681,0.6500825754841328,0.5600825754841329,0.36999999999999994,0.39999999999999986,0.34
303,0.37552713688160316,0.312848372344017,0.43317968103748195,0.34967696268218434,0.15,0.2499999999999999,0.04,0.6091130747922768,0.6500601391637457,0.5600601391637458,0.36999999999999994,0.39999999999999986,0.34
304,0.37528235266906634,0.3126817390446095,0.43309199978728485,0.3494636479221067,0.15,0.2499999999999999,0.04,0.6087485212641294,0.6500428463110017,0.5600428463110017,0.36999999999999994,0.39999999999999986,0.34
305,0.37501277600350574,0.312488756773075,0.4329935388748441,0.34925258026853406,0.15,0.2499999999999999,0.04,0.6083316110651151,0.6500296646685814,0.5600296646685812,0.36999999999999994,0.39999999999999986,0.34
306,0.3747159349373346,0.312264824833546,0.4328820457119252,0.3490437360499323,0.15,0.2499999999999999,0.04,0.6078525674350026,0.649985254220984,0.5599450353320536,0.36999999999999994,0.39999999999999986,0.34
307,0.3743893058878768,0.3120049592573684,0.43275509479289453,0.3488370918441283,0.15,0.2499999999999999,0.04,0.6073008244044356,0.6499300441280657,0.5598340568857288,0.36999999999999994,0.39999999999999986,0.34
308,0.37403033800465274,0.311703810274124,0.4326100971342954,0.34863262447568394,0.15,0.2499999999999999,0.04,0.6066650654398087,0.6498590293450554,0.5596865646440922,0.36999999999999994,0.39999999999999986,0.34
309,0.3736364803348852,0.31135569054880285,0.43244431438964154,0.34843031101329613,0.15,0.2499999999999999,0.04,0.6059332839449889,0.6497661421255471,0.5594899563646077,0.36999999999999994,0.39999999999999986,0.34
310,0.37320521160332065,0.3109546154218924,0.43225487822427455,0.34823012876722564,0.15,0.2499999999999999,0.04,0.6050928682126187,0.6496440239770238,0.5592287186168848,0.36999999999999994,0.39999999999999986,0.34
311,0.37273407234770334,0.3104943561754379,0.43203881544286915,0.34803205528675185,0.15,0.2499999999999999,0.04,0.6041307129847673,0.6494858442679785,0.5588859959139533,0.36999999999999994,0.39999999999999986,0.34
312,0.3722206990717,0.3099685070492126,0.4317930792288724,0.3478360683576554,0.15,0.2499999999999999,0.04,0.6030333591699117,0.6492783300350502,0.5584363817426085,0.36999999999999994,0.39999999999999986,0.34
313,0.3716628599978403,0.3093705663474802,0.4315145866811556,0.3476421459997265,0.15,0.2499999999999999,0.04,0.6017871624715988,0.6490090941904048,0.5578530374125432,0.36999999999999994,0.39999999999999986,0.34
314,0.3710584919246271,0.3086940315137909,0.43120026262100075,0.34745026646429983,0.15,0.2499999999999999,0.04,0.6003784907251611,0.648663627848275,0.5571045270045957,0.36999999999999994,0.39999999999999986,0.34
315,0.3704057376197519,0.30793250751955314,0.4308470893974452,0.34726040823181586,0.15,0.2499999999999999,0.04,0.598793948635046,0.6482252319552819,0.5561546692364439,0.36999999999999994,0.39999999999999986,0.34
316,0.3697029831158671,0.3070798273279855,0.4304521621486159,0.34707255000940657,0.15,0.2499999999999999,0.04,0.5970206273907516,0.6476750389244388,0.5549625843362839,0.36999999999999994,0.39999999999999986,0.34
317,0.3689488942202154,0.3061301825799301,0.4300127486911673,0.3468866707285081,0.15,0.2499999999999999,0.04,0.595046375359054,0.6469921476464848,0.5534829865673835,0.36999999999999994,0.39999999999999986,0.34
318,0.368142451508024,0.30507826202803867,0.4295263529215441,0.3467027495424977,0.15,0.2499999999999999,0.04,0.592860084758697,0.6461538930964058,0.5516667683755456,0.36999999999999994,0.39999999999999986,0.34
319,0.3672829830415767,0.3039193946507094,0.4289907803354701,0.34652076582435565,0.15,0.2499999999999999,0.04,0.5904519879831466,0.6451362672103785,0.5494619122891531,0.36999999999999994,0.39999999999999986,0.34
320,0.366370194048797,0.30264969383884877,0.4284042040207238,0.34634069916435195,0.15,0.2499999999999999,0.04,0.5878139561140467,0.6439145006198909,0.5468147513430968,0.36999999999999994,0.39999999999999986,0.34
321,0.36540419280478886,0.30126619859958886,0.42776522926809174,0.34616252936775743,0.15,0.2499999999999999,0.04,0.5849397912304859,0.6424638052764133,0.5436715780988955,0.36999999999999994,0.39999999999999986,0.34
322,0.36438551199006475,0.2997670073927062,0.4270729547908947,0.3459862364525788,0.15,0.2499999999999999,0.04,0.5818255034321556,0.6407602663500771,0.5399805770918337,0.36999999999999994,0.39999999999999986,0.34
323,0.36331512485034234,0.2981514000356015,0.4263270284576696,0.3458118006473177,0.15,0.2499999999999999,0.04,0.5784695631160645,0.6387818587154832,0.53569402721688,0.36999999999999994,0.39999999999999986,0.34
324,0.3621944555545627,0.2964199431039822,0.4255276954359695,0.3456392023887531,0.15,0.2499999999999999,0.04,0.574873119023925,0.6365095498150471,0.5307706912659352,0.36999999999999994,0.39999999999999986,0.34
325,0.3610253832393536,0.2945745744334774,0.4246758367250707,0.34546842231974767,0.15,0.2499999999999999,0.04,0.5710401729431637,0.6339284379177688,0.5251782821551655,0.36999999999999994,0.39999999999999986,0.34
326,0.3598102393378572,0.29261866269946013,0.4237729962250252,0.34529944128707624,0.15,0.2499999999999999,0.04,0.5669777027136348,0.6310288641071538,0.5188958722321664,0.36999999999999994,0.39999999999999986,0.34
327,0.3585517979163586,0.29055703861590865,0.4228213947477688,0.34513224033927853,0.15,0.2499999999999999,0.04,0.5626957263594865,0.627807429075669,0.5119160963306161,0.36999999999999994,0.39999999999999986,0.34
328,0.35725325888049453,0.28839599503666563,0.42182392971718663,0.344966800724533,0.15,0.2499999999999999,0.04,0.558207301705176,0.6242678431586334,0.504246993510372,0.36999999999999994,0.39999999999999986,0.34
329,0.35591822406045703,0.2861432541413477,0.4207841597186411,0.3448031038885542,0.15,0.2499999999999999,0.04,0.5535284576994032,0.6204215408756797,0.49591333856397235,0.36999999999999994,0.39999999999999986,0.34
330,0.35455066633748517,0.28380790091144087,0.41970627352976103,0.3446411314725115,0.15,0.2499999999999999,0.04,0.5486780557943,0.616287999971419,0.4869573332714077,0.36999999999999994,0.39999999999999986,0.34
331,0.3531548921277812,0.2814002832097082,0.4185950437747193,0.3444808653109709,0.15,0.2499999999999999,0.04,0.5436775820262866,0.6118947194047631,0.4774385587103198,0.36999999999999994,0.39999999999999986,0.34
332,0.3517354976902648,0.2789318733193666,0.4174557625712849,0.34432228742985677,0.15,0.2499999999999999,0.04,0.5385508579682868,0.6072768301679098,0.46743313203047115,0.36999999999999994,0.39999999999999986,0.34
333,0.35029731986681567,0.27641511483912623,0.4162941710158146,0.3441653800444368,0.15,0.2499999999999999,0.04,0.5333237238654154,0.6024763358812995,0.4570320610761485,0.36999999999999994,0.39999999999999986,0.34
334,0.34884538199353343,0.27386323161684795,0.41511637070335894,0.34401012555732696,0.15,0.2499999999999999,0.04,0.5280236408507899,0.5975410049926263,0.44633884415069025,0.36999999999999994,0.39999999999999986,0.34
335,0.34738483583509855,0.2712900186888499,0.4139287270853827,0.3438565065565182,0.15,0.2499999999999999,0.04,0.5226792563621965,0.5925229609811362,0.4354664154591282,0.36999999999999994,0.39999999999999986,0.34
336,0.34592090048808033,0.2687096172043125,0.412737765443231,0.3437045058134234,0.15,0.2499999999999999,0.04,0.5173199362704678,0.5874770390188638,0.4245335845408714,0.36999999999999994,0.39999999999999986,0.34
337,0.3444587992701764,0.266136289461406,0.4115500669137767,0.3435541062809455,0.15,0.2499999999999999,0.04,0.5119752971922948,0.5824589950073736,0.4136611558493094,0.36999999999999994,0.39999999999999986,0.34
338,0.34300369565883476,0.2635841604653605,0.4103721490573457,0.3434052910915654,0.15,0.2499999999999999,0.04,0.5066746692010553,0.5775236641187006,0.402967938923851,0.36999999999999994,0.39999999999999986,0.34
339,0.3415606293632532,0.2610669917818454,0.40921036131770044,0.34325804355545025,0.15,0.2499999999999999,0.04,0.5014466255170091,0.5727231698320902,0.3925668679695285,0.36999999999999994,0.39999999999999986,0.34
340,0.34013445360806605,0.25859795407104597,0.40807077985230783,0.34311234715858174,0.15,0.2499999999999999,0.04,0.49631850933538546,0.5681052805952369,0.3825614412896797,0.36999999999999994,0.39999999999999986,0.34
341,0.33872977467562926,0.25618941438098264,0.4069591091463256,0.3429681855609041,0.15,0.2499999999999999,0.04,0.49131599115846536,0.5637120000285809,0.3730426667285919,0.36999999999999994,0.39999999999999986,0.34
342,0.33735089469818264,0.25385274332993274,0.40588059269515964,0.3428255425944913,0.15,0.2499999999999999,0.04,0.4864626671282185,0.5595784591243204,0.36408666143602725,0.36999999999999994,0.39999999999999986,0.34
343,0.33600175861349457,0.2515981472901423,0.4048399354536054,0.34268440226173413,0.15,0.2499999999999999,0.04,0.4817797095412242,0.5557321568413667,0.35575300648962754,0.36999999999999994,0.39999999999999986,0.34
344,0.334685906100827,0.24943452796682336,0.40384123854542153,0.3425447487335456,0.15,0.2499999999999999,0.04,0.4772855734543975,0.5521925709243309,0.34808390366938347,0.36999999999999994,0.39999999999999986,0.34
345,0.3334064292017144,0.24736937271620194,0.4028879482491318,0.34240656634758615,0.15,0.2499999999999999,0.04,0.47299576712109376,0.5489711358928462,0.3411041277678333,0.36999999999999994,0.39999999999999986,0.34
346,0.3321659362060339,0.24540867666514868,0.4019828195974606,0.34226983960650686,0.15,0.2499999999999999,0.04,0.4689226881885724,0.5460715620822312,0.3348217178448341,0.36999999999999994,0.39999999999999986,0.34
347,0.33096652225232803,0.2435568968476315,0.4011278946858164,0.3421345531762114,0.15,0.2499999999999999,0.04,0.4650755260861748,0.5434904501849528,0.3292293087340644,0.36999999999999994,0.39999999999999986,0.34
348,0.3298097469565946,0.24181693749816954,0.40032449529036573,0.34200069188413634,0.15,0.2499999999999999,0.04,0.46146022880664533,0.5412181412845168,0.3243059727831198,0.36999999999999994,0.39999999999999986,0.34
349,0.3286966192498582,0.240190164661959,0.3995732289453946,0.3418682407175495,0.15,0.2499999999999999,0.04,0.45807953025427567,0.5392397336499228,0.32001942290816615,0.36999999999999994,0.39999999999999986,0.34
350,0.3276275894756969,0.23867644743619246,0.3988740072417747,0.3417371848218661,0.15,0.2499999999999999,0.04,0.45493303258798556,0.5375361947235866,0.3163284219011043,0.36999999999999994,0.39999999999999986,0.34
351,0.3266025486779048,0.23727422247991448,0.39822607479839467,0.3416075094989833,0.15,0.2499999999999999,0.04,0.4520173365927762,0.5360854993801092,0.31318524865690306,0.36999999999999994,0.39999999999999986,0.34
352,0.3256208348984982,0.23598057794343394,0.39762804713709116,0.34147920020563105,0.15,0.2499999999999999,0.04,0.44932621211691026,0.5348637327896216,0.31053808771084673,0.36999999999999994,0.39999999999999986,0.34
353,0.3246812462095616,0.23479135268542844,0.3970779555646067,0.3413522425517418,0.15,0.2499999999999999,0.04,0.44685080004073024,0.5338461069035944,0.3083332316244542,0.36999999999999994,0.39999999999999986,0.34
354,0.32378206012043065,0.23370124656834976,0.39657329713337197,0.34122662229883594,0.15,0.2499999999999999,0.04,0.44457983710017474,0.5330078523535153,0.30651701343261634,0.36999999999999994,0.39999999999999986,0.34
355,0.32292105893521367,0.23270393774237466,0.3961110878125709,0.34110232535842555,0.15,0.2499999999999999,0.04,0.4424998951565688,0.5323249610755613,0.305037415663716,0.36999999999999994,0.39999999999999986,0.34
356,0.32209556058463124,0.2317922031274357,0.3956879171438683,0.3409793377904339,0.15,0.2499999999999999,0.04,0.44059562714740785,0.5317747680447182,0.303845330763556,0.36999999999999994,0.39999999999999986,0.34
357,0.3213024544199476,0.2309580387562851,0.3953000028704845,0.34085764580163214,0.15,0.2499999999999999,0.04,0.43885001291718106,0.531336372151725,0.30289547299540415,0.36999999999999994,0.39999999999999986,0.34
358,0.3205382414336593,0.23019277721728712,0.39494324429909516,0.34073723574409265,0.15,0.2499999999999999,0.04,0.43724459934592885,0.5309909058095955,0.3021469625874566,0.36999999999999994,0.39999999999999986,0.34
359,0.3197990783617071,0.22948720009723786,0.39461327346435754,0.34061809411365807,0.15,0.2499999999999999,0.04,0.4357597305896088,0.53072166996495,0.3015636182573914,0.36999999999999994,0.39999999999999986,0.34
360,0.3190808251191283,0.22883164403302356,0.39430550349740945,0.3405002075484271,0.15,0.2499999999999999,0.04,0.43437476573834294,0.5305141557320217,0.3011140040860466,0.36999999999999994,0.39999999999999986,0.34
361,0.31837909502727824,0.22821609969662954,0.3940151739338587,0.34038356282725535,0.15,0.2499999999999999,0.04,0.43306828270236486,0.5303559760229762,0.300771281383115,0.36999999999999994,0.39999999999999986,0.34
362,0.31768930730068445,0.22763030372243112,0.3937373930154414,0.34026814686827356,0.15,0.2499999999999999,0.04,0.431818268569486,0.530202257318865,0.3004439697464353,0.36999999999999994,0.39999999999999986,0.34
363,0.31700674127679124,0.22706382420322577,0.3934671773258863,0.3401539467274195,0.15,0.2499999999999999,0.04,0.4306022979664885,0.5300655521073941,0.3001557420292115,0.36999999999999994,0.39999999999999986,0.34
364,0.31632659187317785,0.22650614090092144,0.39319948934078025,0.3400409495969867,0.15,0.2499999999999999,0.04,0.4293977020335113,0.5299344478926059,0.29988260824840274,0.36999999999999994,0.39999999999999986,0.34
