,Cases,ICU,Ventilator,Hospitalization,CFR
0,0.0,0.0,0.0,0.0,0.0
1,0.0,0.0,0.0,0.0,0.0
2,0.0,0.0,0.0,0.0,0.0
3,0.0,0.0,0.0,0.0,0.0
4,0.0,0.0,0.0,0.0,0.0
5,0.0,0.0,0.0,0.0,0.0
6,0.0,0.0,0.0,0.0,0.0
7,0.0,0.0,0.0,0.0,0.0
8,0.0,0.0,0.0,0.0,0.0
9,0.0,0.0,0.0,0.0,0.0
10,0.0,0.0,0.0,0.0,0.0
11,1.0,0.0,0.0,0.0,0.0
12,2.0,0.0,0.0,0.0,0.0
13,2.0,0.0,0.0,0.0,0.0
14,2.0,0.0,0.0,0.0,0.0
15,2.0,0.0,0.0,0.0,0.0
16,4.0,0.0,0.0,0.0,0.0
17,16.0,0.0,0.0,0.0,0.0
18,17.0,0.0,0.0,0.0,0.0
19,18.0,0.0,0.0,0.0,0.0
20,18.0,0.0,0.0,0.0,0.0
21,18.0,0.0,0.0,0.0,0.0
22,19.0,0.0,0.0,0.0,0.0
23,19.0,0.0,0.0,0.0,0.0
24,19.0,0.0,0.0,0.0,0.0
25,19.0,0.0,0.0,0.0,0.0
26,19.0,0.0,0.0,0.0,0.0
27,18.0,0.0,0.0,0.0,0.0
28,18.0,0.0,0.0,0.0,0.0
29,17.0,0.0,0.0,0.0,0.0
30,17.0,0.0,0.0,0.0,0.0
31,17.0,0.0,0.0,0.0,0.0
32,17.0,0.0,0.0,0.0,0.0
33,17.0,0.0,0.0,0.0,0.0
34,17.0,0.0,0.0,0.0,0.0
35,17.0,0.0,0.0,0.0,0.0
36,17.0,0.0,0.0,0.0,0.0
37,17.0,0.0,0.0,0.0,0.0
38,17.0,0.0,0.0,0.0,0.0
39,18.0,0.0,0.0,0.0,0.0
40,19.0,0.0,0.0,0.0,0.0
41,19.0,0.0,0.0,0.0,0.0
42,21.0,0.0,0.0,0.0,0.0
43,22.0,0.0,0.0,0.0,0.0
44,25.0,0.0,0.0,0.0,0.0
45,27.0,0.0,0.0,0.0,0.0
46,30.0,0.0,0.0,0.0,0.0
47,36.0,0.0,0.0,0.0,0.0
48,42.0,0.0,0.0,0.0,0.0
49,49.0,0.0,0.0,0.0,0.0
50,58.0,0.0,0.0,0.0,0.0
51,70.0,0.0,0.0,0.0,0.0
52,83.0,0.0,0.0,0.0,0.0
53,97.0,0.0,0.0,0.0,0.0
54,125.0,0.0,0.0,0.0,0.0
55,159.0,0.0,0.0,0.0,0.0
56,203.0,0.0,0.0,0.0,0.0049261083743842365
57,258.0,0.0,0.0,0.0,0.007751937984496124
58,327.0,0.0,0.0,0.0,0.0061162079510703364
59,414.0,0.0,0.0,0.0,0.007246376811594203
60,520.0,0.0,0.0,0.0,0.009615384615384616
61,667.0,0.0,0.0,0.0,0.008995502248875561
62,849.0,0.0,0.0,0.0,0.01060070671378092
63,1071.0,0.0,0.0,0.0,0.01027077497665733
64,1330.0,0.0,0.0,0.0,0.010526315789473684
65,1632.0,0.0,0.0,0.0,0.010416666666666666
66,1980.0,0.0,0.0,0.0,0.011616161616161616
67,2366.0,0.0,0.0,0.0,0.012256973795435333
68,2836.0,0.0,0.0,0.0,0.011988716502115656
69,3367.0,0.0,0.0,0.0,0.013068013068013067
70,3959.0,0.0,0.0,0.0,0.013892397069967163
71,4611.0,0.0,0.0,0.0,0.015181088700932552
72,5325.0,0.0,0.0,0.0,0.01652582159624413
73,6098.0,0.0,0.0,0.0,0.017874713020662514
74,6924.0,0.0,0.0,0.0,0.01949740034662045
75,7799.0,0.0,0.0,0.0,0.021669444800615462
76,8713.0,0.0,0.0,0.0,0.023642832549064616
77,9646.0,0.020008293593199254,0.013166079203815052,0.05390835579514825,0.026021148662658096
78,10587.0,0.021252479455936526,0.014640596958534051,0.05393407008595447,0.028620005667327857
79,11506.0,0.019815748305232053,0.014514166521814705,0.051799061359290806,0.03146184599339475
80,12397.0,0.018794869726546745,0.013632330402516738,0.0538840041945632,0.03428248769863677
81,13227.0,0.019203145082029183,0.013381719210705375,0.052695244575489526,0.03727224616315113
82,14003.0,0.030921945297436262,0.022995072484467614,0.0907662643719203,0.04041991001928158
83,14698.0,0.0313648115389849,0.023676690706218532,0.09212137705810314,0.04381548510001361
84,15319.0,0.032182257327501795,0.024805796723023694,0.09426202754749005,0.047326849011032054
85,15857.0,0.03430661537491329,0.027621870467301506,0.10430724601122533,0.050955414012738856
86,16318.0,0.03051844588797647,0.023287167545042283,0.10515994607182252,0.054786125750704746
87,16735.0,0.030415297281147297,0.0219300866447565,0.10606513295488497,0.05867941440095608
88,17122.0,0.03031187945333489,0.022310477747926643,0.10699684616283145,0.062492699450998716
89,17504.0,0.02856489945155393,0.02136654478976234,0.10917504570383912,0.06638482632541133
90,17885.0,0.029577858540676544,0.021079116578138105,0.10930947721554375,0.0698909700866648
91,18279.0,0.028557360905957656,0.02089829859401499,0.11154877181465069,0.0734175830187647
92,18687.0,0.028201423449456843,0.019960400278268314,0.11098624712366886,0.0764702734521325
93,19081.0,0.02751428122215817,0.019128976468738536,0.11210104292227871,0.07955557884806876
94,19493.0,0.026419740419637818,0.018622069460832093,0.11029600369363361,0.08228594880213409
95,19907.0,0.02682473501783292,0.018385492540312454,0.1140804742050535,0.08479429346461044
96,20300.0,0.026108374384236452,0.01793103448275862,0.11541871921182266,0.08719211822660099
97,20662.0,0.02536056528893621,0.017520085180524635,0.11644564901752008,0.08948794889168522
98,20987.0,0.02458664887787678,0.016772287606613617,0.1219802735026445,0.09172344784866822
99,21265.0,0.025440865271573007,0.01782271337879144,0.12377145544321655,0.09391018104867152
100,21485.0,0.024435652781010005,0.01768675820339772,0.1251570863393065,0.09611356760530602
101,21650.0,0.02424942263279446,0.017274826789838337,0.125080831408776,0.09833718244803695
102,21758.0,0.023853295339645187,0.017097159665410425,0.12616049269234306,0.10056071330085486
103,21798.0,0.02385539957794293,0.01715753738875126,0.13097531883659053,0.10289934856408844
104,21777.0,0.024108003857280617,0.01685264269642283,0.1331221012995362,0.10534049685447949
105,21698.0,0.02350447045810674,0.016360954926721356,0.13614157986911235,0.10770577933450087
106,21569.0,0.023274143446613195,0.016226992442857805,0.13644582502665864,0.11015809726922898
107,21379.0,0.023247111651620748,0.015248608447541981,0.1392955704195706,0.11249356845502596
108,21151.0,0.023544986052668904,0.016311285518415205,0.14141175358139096,0.1149827431327124
109,20893.0,0.023500694012348635,0.01627339300244101,0.14665198870435073,0.11716842961757526
110,20599.0,0.023787562503034126,0.016117287246953736,0.15054128841205883,0.11932618088256712
111,20281.0,0.023766086484887334,0.01671515211281495,0.15383856811794291,0.12114787239288004
112,19943.0,0.024519881662738805,0.016095873238730383,0.155593441307727,0.12269969412826556
113,19590.0,0.02378764675855028,0.01669218989280245,0.15758039816232772,0.12399183256763655
114,19228.0,0.023507385063449137,0.016018306636155607,0.15805075930934054,0.12492198876638236
115,18858.0,0.023332272775479904,0.015112949411390391,0.16380316046240323,0.12562307773889064
116,18492.0,0.02319922128487995,0.015628379839930782,0.16704520873891412,0.12600043261951113
117,18128.0,0.023003089143865844,0.01566637246248897,0.17012356575463372,0.12582744924977934
118,17770.0,0.023635340461451885,0.016207090602138437,0.17563308947664602,0.12543612830613393
119,17421.0,0.0234200103323575,0.016646575971528615,0.174272429826072,0.12467711382813845
120,17084.0,0.02347225474127839,0.016389604308124563,0.17934909857176307,0.1235659096230391
121,16772.0,0.023551156689720965,0.01603863582160744,0.179525399475316,0.12210827569759122
122,16475.0,0.023125948406676783,0.015781487101669194,0.1822154779969651,0.12024279210925645
123,16197.0,0.02272025683768599,0.015311477434092733,0.1821324936716676,0.11841699080076558
124,15922.0,0.023489511367918603,0.015701545032031153,0.19017711342796131,0.11631704559728677
125,15665.0,0.023683370571337375,0.015703798276412384,0.17721034152569423,0.11420363868496648
126,15416.0,0.023028022833419825,0.01524390243902439,0.1757265179034769,0.11202646600934095
127,15175.0,0.022800658978583195,0.015485996705107084,0.17357495881383855,0.1100494233937397
128,14945.0,0.022482435597189696,0.015389762462361994,0.17176313148210104,0.10806289729006356
129,14709.0,0.023115099598885035,0.014616901216942008,0.17166360731524916,0.10639744374192671
130,14459.0,0.023514765889757244,0.015422919980634898,0.17172695207137423,0.10484819143785877
131,14190.0,0.024242424242424242,0.015785764622973927,0.17787174066243833,0.10380549682875265
132,13899.0,0.025181667745880997,0.01647600546801928,0.17792646953018204,0.10310094251384992
133,13590.0,0.02442972774098602,0.015231788079470199,0.1781456953642384,0.10257542310522443
134,13259.0,0.02405912964778641,0.015536616637755487,0.17520174975488348,0.10264725846594766
135,12919.0,0.02353123306757489,0.01447480455143587,0.17439430296462574,0.10263952318290889
136,12566.0,0.02419226484163616,0.01599554353016075,0.17817921375139265,0.10305586503262773
137,12203.0,0.024748012783741703,0.01614357125297058,0.18388920757190855,0.10308940424485782
138,11832.0,0.02535496957403651,0.015720081135902637,0.1873732251521298,0.1031947261663286
139,11459.0,0.02626756261453879,0.016842656427262414,0.1894580678942316,0.10288855921110045
140,11091.0,0.02560634748895501,0.01640970155982328,0.1882607519610495,0.10215490036966911
141,10730.0,0.024697110904007457,0.016682199440820132,0.18070829450139794,0.10121155638397018
142,10374.0,0.02515905147484095,0.01725467514941199,0.17784846732215154,0.09986504723346828
143,10022.0,0.026142486529634804,0.017860706445819198,0.17990421073637997,0.09808421472759928
144,9676.0,0.026043819760231502,0.016845804051260852,0.18675072343943777,0.09590739975196362
145,9325.0,0.02670241286863271,0.01769436997319035,0.1899195710455764,0.09361930294906166
146,8976.0,0.02807486631016043,0.017825311942959002,0.18627450980392157,0.09135472370766488
147,8627.0,0.02886287237741973,0.018082763417178627,0.18685522197751245,0.08879100498435145
148,8280.0,0.0286231884057971,0.017995169082125603,0.18719806763285024,0.08659420289855073
149,7943.0,0.028578622686642328,0.016240715095052247,0.18217298250031475,0.08435100088127911
150,7610.0,0.026675427069645204,0.017739816031537452,0.18344283837056505,0.08199737187910644
151,7285.0,0.02731640356897735,0.01564859299931366,0.1883321894303363,0.08030199039121483
152,6969.0,0.027694073755201606,0.017075620605538813,0.18840579710144928,0.07849045774142632
153,6667.0,0.027298635068246587,0.01664916754162292,0.18419079046047698,0.0767961601919904
154,6387.0,0.02599029278221387,0.0162830749960858,0.17989666510098637,0.07499608579927979
155,6123.0,0.02596766291033807,0.017475093908214927,0.17458762044749307,0.07349338559529642
156,5885.0,0.026847918436703484,0.01818181818181818,0.16669498725573492,0.0723874256584537
157,5666.0,0.02929756441934345,0.01782562654429933,0.1694316978468055,0.0709495234733498
158,5463.0,0.027640490572945268,0.018304960644334616,0.17517847336628226,0.06974190005491489
159,5281.0,0.02745692103768226,0.01779965915546298,0.17818594963075174,0.06816890740390077
160,5114.0,0.027766914352757136,0.016621040281579978,0.1804849432929214,0.06687524442706297
161,4967.0,0.027179383933964164,0.01711294543990336,0.17817596134487618,0.0654318502113952
162,4833.0,0.02627767432236706,0.016345954893440928,0.1802193254707221,0.06414235464514795
163,4728.0,0.024111675126903553,0.014382402707275803,0.1751269035532995,0.06239424703891709
164,4629.0,0.023763231799524734,0.0146899978397062,0.1782242384964355,0.06135234391877295
165,4545.0,0.023542354235423543,0.014301430143014302,0.1771177117711771,0.05984598459845985
166,4475.0,0.021229050279329607,0.013631284916201117,0.17497206703910614,0.05810055865921788
167,4414.0,0.02061622111463525,0.011780697779791573,0.1615314907113729,0.056411418214771185
168,4367.0,0.019922143347836044,0.010304556904053125,0.16120906801007556,0.05427066636134646
169,4331.0,0.020087739552066497,0.011082890787347033,0.15654583237127684,0.052412837681828674
170,4307.0,0.0188065939168795,0.011144648247039703,0.15254237288135594,0.05084745762711865
171,4288.0,0.01842350746268657,0.010727611940298507,0.150419776119403,0.04874067164179104
172,4278.0,0.017064048620850866,0.010051425899953248,0.15077138849929875,0.04675081813931744
173,4279.0,0.016592661836877774,0.009581677962140687,0.140453376957233,0.045337695723299834
174,4286.0,0.017032197853476434,0.010032664489034065,0.13555762949136724,0.0433971068595427
175,4303.0,0.015802928189635138,0.008366256100395073,0.1264234255170811,0.04159888449918661
176,4327.0,0.016639704183036747,0.008319852091518374,0.13034434943378784,0.04044372544488098
177,4364.0,0.01535288725939505,0.006645279560036663,0.1228230980751604,0.03895508707607699
178,4414.0,0.014952424105120073,0.006796556411418215,0.1232442229270503,0.036927956502038964
179,4475.0,0.015195530726256984,0.0067039106145251395,0.12312849162011173,0.035754189944134075
180,4556.0,0.015583845478489903,0.007462686567164179,0.11479367866549604,0.03402107111501317
181,4654.0,0.013966480446927373,0.007520412548345509,0.10979802320584443,0.03223033949290933
182,4766.0,0.013008812421317666,0.0069240453210239195,0.10637851447754931,0.03063365505665128
183,4896.0,0.013684640522875817,0.006535947712418301,0.10130718954248366,0.02900326797385621
184,5038.0,0.012901945216355697,0.006351726875744343,0.09765780071456927,0.02739182215164748
185,5195.0,0.01289701636188643,0.006544754571703561,0.09778633301251204,0.025409047160731474
186,5355.0,0.013258636788048552,0.006535947712418301,0.0957983193277311,0.024089635854341738
187,5517.0,0.013050570962479609,0.0076128330614464385,0.09552292912814936,0.022294725394236
188,5674.0,0.013041945717307015,0.0066972153683468455,0.09622841029256257,0.020972858653507225
189,5828.0,0.012525737817433082,0.007035003431708991,0.08991077556623199,0.01973232669869595
190,5971.0,0.011220901021604422,0.007033997655334115,0.0778764026126277,0.01842237481158935
191,6095.0,0.01066447908121411,0.006890894175553733,0.07251845775225595,0.017555373256767842
192,6201.0,0.010159651669085631,0.006934365424931463,0.0686985970004838,0.01661022415739397
193,6280.0,0.009872611464968152,0.006369426751592357,0.0697452229299363,0.01592356687898089
194,6333.0,0.009632085899257856,0.00584241275856624,0.06679298910468973,0.015474498657824095
195,6357.0,0.009753028157936133,0.005820355513607048,0.06339468302658487,0.015101462954223691
196,6355.0,0.011172305271439812,0.005822187254130606,0.06530291109362707,0.014948859166011016
197,6325.0,0.01090909090909091,0.006324110671936759,0.06039525691699605,0.014861660079051384
198,6268.0,0.011327377153797065,0.005902999361837907,0.05855137204850032,0.014837268666241226
199,6193.0,0.01194897464879703,0.006297432585176813,0.05877603746165025,0.015339899886969158
200,6108.0,0.012442698100851343,0.006221349050425672,0.059430255402750494,0.01538965291421087
201,6013.0,0.013969732246798603,0.0066522534508564775,0.057708298686179944,0.015632795609512723
202,5914.0,0.014203584714237404,0.0074399729455529254,0.05867433209333784,0.015556307067974298
203,5818.0,0.014609831557236164,0.007218975592987281,0.056720522516328635,0.01598487452732898
204,5722.0,0.014155889549108703,0.006641034603285564,0.05225445648374694,0.015903530234183852
205,5629.0,0.013679161485166104,0.006395452122934802,0.05400604014922722,0.015988630307337003
206,5544.0,0.013528138528138528,0.006854256854256854,0.053932178932178935,0.015873015873015872
207,5467.0,0.012804097311139564,0.0074995427108103165,0.0556063654655204,0.0155478324492409
208,5401.0,0.0124051101647843,0.0064802814293649326,0.05202740233290132,0.015552675430475837
209,5342.0,0.012354923249719206,0.005990265818045676,0.05054286783976039,0.015350056158742045
210,5295.0,0.013031161473087818,0.006043437204910292,0.05042492917847025,0.014919735599622286
211,5254.0,0.012752188808526837,0.005709935287400076,0.056909021697754095,0.015226494099733536
212,5228.0,0.01262433052792655,0.0059296097934200456,0.05107115531752104,0.014919663351185922
213,5211.0,0.012665515256188831,0.0057570523891767415,0.05047015927844943,0.014776434465553637
214,5206.0,0.01171724932769881,0.005762581636573185,0.050518632347291585,0.014790626200537841
215,5212.0,0.012087490406753646,0.005564082885648503,0.049693016116653874,0.014389869531849578
216,5234.0,0.01203668322506687,0.0045854031333588076,0.04891096675582728,0.014711501719526175
217,5266.0,0.011773642233194076,0.004367641473604254,0.04842385112039499,0.014622104063805545
218,5310.0,0.010546139359698682,0.004143126177024482,0.04632768361581921,0.014689265536723164
219,5370.0,0.00931098696461825,0.0037243947858473,0.0446927374301676,0.01452513966480447
220,5437.0,0.008276623137759793,0.0036784991723376862,0.04230274048188339,0.014713996689350745
221,5512.0,0.007801161103047896,0.0039912917271407835,0.04100145137880987,0.01451378809869376
222,5604.0,0.007494646680942184,0.0039257673090649535,0.04246966452533904,0.014275517487508922
223,5705.0,0.007887817703768623,0.0036809815950920245,0.042418930762489045,0.014022787028921999
224,5814.0,0.008599931200550396,0.003783969728242174,0.04489164086687306,0.013587891296869626
225,5932.0,0.008766014834794335,0.004045853000674309,0.04248145650708024,0.013486176668914362
226,6060.0,0.008580858085808581,0.0026402640264026403,0.04108910891089109,0.013036303630363037
227,6196.0,0.008715300193673338,0.003712072304712718,0.039380245319561004,0.012588766946417043
228,6337.0,0.009152595865551522,0.00331387091683762,0.041186681394981856,0.012150860028404608
229,6495.0,0.009237875288683603,0.002617397998460354,0.04126250962278676,0.011547344110854504
230,6663.0,0.00840462254239832,0.0034518985441993094,0.040372204712591925,0.011106108359597779
231,6843.0,0.008475814701154464,0.004091772614350431,0.03857957036387549,0.01037556627210288
232,7030.0,0.007823613086770981,0.0035561877667140826,0.03741109530583215,0.009815078236130868
233,7224.0,0.008028792912513842,0.003737541528239203,0.03433001107419712,0.009274640088593578
234,7429.0,0.006595773320769956,0.0028267599946156952,0.03042132184681653,0.008614887602638309
235,7641.0,0.006543646119617851,0.0027483313702394976,0.029708153383065043,0.008244994110718492
236,7872.0,0.005716463414634146,0.0026676829268292685,0.028709349593495935,0.007876016260162601
237,8115.0,0.00640788662969809,0.0030807147258163892,0.03228589032655576,0.0073937153419593345
238,8373.0,0.006210438313627135,0.0031052191568135675,0.032127075122417297,0.007165890361877463
239,8645.0,0.006130711393869288,0.0031231925968768074,0.031231925968768073,0.00670908039329092
240,8930.0,0.005375139977603583,0.0030235162374020155,0.031019036954087347,0.006494960806270996
241,9235.0,0.005847319978343259,0.0031402273957769357,0.030644288034650784,0.006388738494856524
242,9559.0,0.005753739930955121,0.002929176692122607,0.029291766921226068,0.006381420650695679
243,9926.0,0.006850695144066089,0.0031231110215595406,0.03012290953052589,0.006246222043119081
244,10326.0,0.007166376137904319,0.0032926593066046872,0.029730776680224676,0.006391632771644393
245,10759.0,0.007807417046193884,0.003067199553861883,0.029742541128357655,0.0064132354308021194
246,11224.0,0.007127583749109052,0.0030292230933713473,0.029223093371347115,0.0065930149679258735
247,11723.0,0.006994796553783161,0.0029855838949074467,0.028235093406124713,0.0067388893627910946
248,12255.0,0.007099143206854345,0.0031007751937984496,0.027825377396980825,0.006691146470828233
249,12818.0,0.006865345607739117,0.003354657512872523,0.02878764237790607,0.006943360898736152
250,13445.0,0.006396429899590926,0.0034213462253625884,0.02967645965042767,0.006991446634436594
251,14114.0,0.006589202210571064,0.0029757687402579,0.029757687402579,0.007156015303953521
252,14826.0,0.006340213139079995,0.0029003102657493593,0.02927289896128423,0.007351949278294887
253,15580.0,0.006418485237483954,0.002888318356867779,0.029653401797175866,0.0075738125802310655
254,16371.0,0.0070246167002626595,0.002687679433143974,0.030358560869830797,0.007818703805509742
255,17201.0,0.006627521655717691,0.002674263124236963,0.029649438986105458,0.008139061682460322
256,18068.0,0.006088111578481293,0.002656630506973655,0.028503431481071508,0.008578702678769095
257,18978.0,0.006006955422067657,0.0024238592053957213,0.029613236378965117,0.009010433133101486
258,19912.0,0.006026516673362796,0.002310164724789072,0.02932904781036561,0.009541984732824428
259,20861.0,0.005992042567470399,0.00225300800536887,0.02924116772925555,0.010018695172810508
260,21817.0,0.005912820277765045,0.002291790805335289,0.027868176192877115,0.010633909336755742
261,22749.0,0.006198074640643545,0.00241768868961273,0.028001230823332893,0.011209283924568113
262,23659.0,0.006213280358425969,0.0024092311593896616,0.027685024726319795,0.011708018090367303
263,24526.0,0.005749001060099486,0.002242518144010438,0.02845959390035065,0.012028051863328712
264,25350.0,0.005759368836291913,0.002406311637080868,0.028994082840236687,0.012386587771203156
265,26111.0,0.0054766190494427635,0.0023744781892688907,0.029259698977442457,0.01248515951131707
266,26803.0,0.005633697720404432,0.002462410924150282,0.030630899526172442,0.012498600902884006
267,27430.0,0.005468465184104995,0.0023332118118847976,0.02989427633977397,0.012322274881516588
268,27975.0,0.005719392314566577,0.0025022341376228774,0.029454870420017872,0.012082216264521894
269,28471.0,0.005654876892276351,0.002528889044993151,0.028520248674089425,0.011766358751009799
270,28923.0,0.005877675206582996,0.002454793762749369,0.029837845313418387,0.011513328492894928
271,29354.0,0.006336444777543094,0.002589084962867071,0.029774477072971317,0.01110581181440349
272,29765.0,0.006416932639005543,0.002956492524777423,0.0312783470519066,0.010750881908281539
273,30165.0,0.006331841538206531,0.0031493452676943476,0.03139399966848997,0.010508867893253771
274,30562.0,0.006478633597277665,0.00320659642693541,0.03203324389765068,0.010241476343171258
275,30933.0,0.006659554521061649,0.0032974493259625643,0.031034817185530018,0.009989331781592474
276,31313.0,0.006674544119055983,0.0032254973972471496,0.03129690543863571,0.009804234662919555
277,31702.0,0.00659264399722415,0.003154375118289067,0.03151220743170778,0.009683931613147435
278,32124.0,0.006786203461586353,0.0033619723571161747,0.03193873739260366,0.009681235213547504
279,32556.0,0.006450423884998157,0.003563091288856125,0.03188352377441946,0.009767784740140067
280,33010.0,0.006816116328385338,0.003695849742502272,0.031323841260224174,0.009845501363223265
281,33481.0,0.0068098324422806965,0.003584122338042472,0.031540276574773755,0.009975807174218213
282,33968.0,0.0067121997173810646,0.00365049458313707,0.0314707960433349,0.010186057465850213
283,34484.0,0.006756756756756757,0.003595870548660248,0.03198584850945366,0.010468623129567336
284,35033.0,0.0066223275197670765,0.0034538863357405874,0.0319984015071504,0.010675648674107271
285,35650.0,0.006423562412342216,0.003450210378681627,0.032286115007012624,0.01091164095371669
286,36316.0,0.00627822447406102,0.003414472959577046,0.03249256526049124,0.011124573190880054
287,37034.0,0.006021493762488524,0.003213263487605984,0.03148458173570233,0.011313927742074851
288,37804.0,0.006004655592000846,0.003094910591471802,0.03163686382393398,0.011506718865728495
289,38618.0,0.00590398259878813,0.0031591485835620694,0.030970013983116683,0.011652597234450257
290,39486.0,0.0056728967228891255,0.002887099225041787,0.03074507420351517,0.011902952945347718
291,40396.0,0.005619368254282602,0.0027725517377958212,0.03116645212397267,0.012006139221705119
292,41408.0,0.00553033230293663,0.0029221406491499228,0.03195034775888717,0.012147411128284389
293,42478.0,0.005532275530863035,0.0029662413484627336,0.031757615706954186,0.012241630961909694
294,43614.0,0.005777961205117622,0.0030036226899619388,0.03104507726876691,0.012358417022057137
295,44812.0,0.0054003391948585205,0.002834062304739802,0.03104079264482728,0.012452021779880388
296,46072.0,0.005513109914915784,0.0028650807431845806,0.03006164264629276,0.01254558083000521
297,47405.0,0.005463558696340048,0.0027423267587807195,0.02942727560383926,0.012614703090391309
298,48801.0,0.005553164894162005,0.00280731952214094,0.030511669842831088,0.01272514907481404
299,50276.0,0.005549367491447211,0.002685177818442199,0.030392234863553188,0.012809292704272416
300,51809.0,0.005790499720125847,0.002856646528595418,0.03132660348588083,0.012912814375880639
301,53385.0,0.005994193125409759,0.0029221691486372575,0.0313383909337829,0.012999906340732415
302,54982.0,0.006056527590847914,0.0031282965334109344,0.03179222290931578,0.013095194791022516
303,56560.0,0.006046676096181047,0.0031294200848656292,0.03131188118811881,0.013207213578500708
304,58106.0,0.006247203386913572,0.003063366950056793,0.0310122878876536,0.013320483254741335
305,59595.0,0.006326034063260341,0.003020387616410773,0.0307911737561876,0.013457504824230221
306,61037.0,0.006586169045005488,0.003276701017415666,0.031685698838409486,0.013614692727362092
307,62390.0,0.00645936848853983,0.0033659240262862637,0.03173585510498477,0.0137842602981247
308,63652.0,0.006645509960409728,0.0034091623201156288,0.031310877898573494,0.013950857789228933
309,64820.0,0.00646405430422709,0.003532860228324591,0.030222153656278925,0.014131440913298364
310,65893.0,0.006373969920932421,0.003399450624497291,0.030412942194163264,0.014280727846660495
311,66920.0,0.006306037059175135,0.0033622235505080694,0.030902570233114168,0.014465032875074717
312,67916.0,0.0065227634136286,0.0034012603804699925,0.030979445197008067,0.01462100241474763
313,68955.0,0.006525995214270176,0.003422521934595026,0.03206438981944747,0.014777753607425132
314,70023.0,0.006440740899418762,0.003413164246033446,0.03220370449709381,0.014895105893777759
315,71142.0,0.006212926260155745,0.003485985774929015,0.03214697365831717,0.014984116274493267
316,72315.0,0.006291917306229689,0.003332641913849132,0.033865726336168155,0.015100601534951255
317,73511.0,0.006325583926215125,0.0031559902599610943,0.03400851573233938,0.015126987797744556
318,74774.0,0.006285607296653917,0.0030491882205044532,0.034009147564661515,0.015165699307245834
319,76093.0,0.006400063080703875,0.0032460278869278383,0.0341424309726256,0.01517879437004718
320,77464.0,0.006699886398843334,0.0032789424765052155,0.0350614478983786,0.015219973148817515
321,78854.0,0.00665787404570472,0.0032972328607299567,0.03522966495041469,0.01524336114845157
322,80246.0,0.006779154101138997,0.003277421927572714,0.035266555342322356,0.015265558407895721
323,81619.0,0.006812139330302993,0.0032100368786679573,0.035579950746762394,0.015339565542336956
324,82949.0,0.0067029138386237325,0.0031224005111574584,0.03574485527251685,0.015382946147632883
325,84222.0,0.0066728408254375345,0.0030158390919237253,0.03594072807579967,0.01544727030942034
326,85423.0,0.006707795324444236,0.0031256219051075235,0.0366528920782459,0.015557870831040821
327,86544.0,0.006805786651876502,0.003270012941393973,0.03690608245516731,0.01567988537622481
328,87573.0,0.00687426489899855,0.0030374658856040103,0.03630114304637274,0.015826795930252473
329,88501.0,0.006847380255590332,0.0031638060586886025,0.03537813132055005,0.01601111851843482
330,89333.0,0.0072313702663069634,0.003067175623789641,0.03613446318829548,0.016209015705282482
331,90036.0,0.007219334488426852,0.0033320005331200853,0.03561908569905371,0.016404549291394552
332,90670.0,0.007268115142825631,0.003286643873387008,0.035689864343222674,0.01658762545494651
333,91233.0,0.007135575942915392,0.0034088542522990586,0.03664244297567766,0.016781208553922376
334,91712.0,0.007185537334263782,0.0035109909281228193,0.03799938939288207,0.01697705861828332
335,92121.0,0.0073924512326179696,0.0036148109551568048,0.03742903355369568,0.01715135528272598
336,92462.0,0.007538231922303217,0.0038934913802426943,0.037507300296337955,0.017304406134411976
337,92733.0,0.007505418782957523,0.0038174112775387404,0.037462392028727635,0.01749107653154756
338,92902.0,0.007567113732750641,0.003638242449032314,0.03721125487072399,0.017631482637618136
339,93001.0,0.0075913162224062105,0.003677379813120289,0.03768776679820647,0.017795507575187365
340,93021.0,0.0075359327463691,0.003665838896593242,0.03909869814342998,0.01792068457660098
341,93002.0,0.007537472312423389,0.0038278746693619493,0.03932173501645126,0.018064127653168748
342,92924.0,0.007554560716284275,0.003981748525676897,0.03902113555163359,0.018197666910593602
343,92801.0,0.007532246419758408,0.003922371526168899,0.03865260072628528,0.01831876811672288
344,92663.0,0.007489504980412894,0.003636834551007414,0.036746058297270755,0.01847555119087446
345,92531.0,0.007565032259458992,0.003923009585976592,0.03830067761074667,0.018588364980384953
346,92454.0,0.007701127046963896,0.004001990178899777,0.04104743980790447,0.018679559564756528
347,92464.0,0.007949039626232913,0.00415296764146046,0.04204879736978716,0.0187856895656688
348,92648.0,0.00803039461186426,0.004101545635091961,0.04344400310853985,0.018823935756843106
349,92995.0,0.008344534652400667,0.004064734663153933,0.04589494058820367,0.0188289692994247
350,93526.0,0.008478925646344332,0.004009580223681116,0.04577336783354361,0.018807604302546885
351,94243.0,0.008350752841059813,0.004085184045499401,0.04475663975043239,0.01874940313869465
352,95131.0,0.008178196381831369,0.0040575627292890855,0.04389736258422596,0.018668993282946675
353,96185.0,0.008244528772677652,0.004075479544627541,0.0456204189842491,0.018537193949160473
354,97371.0,0.008257078596296638,0.0038307093487794106,0.04637931211551694,0.018424376867855932
355,98596.0,0.0085094730009331,0.004361231692969289,0.04658403992048359,0.018296888311899063
356,99852.0,0.008532628289869006,0.004476625405600288,0.04675920362135961,0.018206946280495132
357,101088.0,0.008388730610952834,0.00435264324153213,0.046108341247230136,0.018162393162393164
358,102248.0,0.008293560754244582,0.004391283937094124,0.045751506141929424,0.018122603865112275
359,103295.0,0.008325669199864466,0.004356454813882569,0.0448908466043855,0.01812285202575149
360,104159.0,0.008218204859877686,0.00449313069441911,0.045008112597087147,0.01816453690991657
361,104797.0,0.008254053074038379,0.004494403465748065,0.04638491559872897,0.018263881599664113
362,105093.0,0.008383051202268467,0.004472229358758433,0.046910831358891646,0.018412263423824612
363,105071.0,0.008451428081963624,0.004701582739290575,0.04682547991358225,0.01858743135594027
364,104718.0,0.008623159342233427,0.004774728317958708,0.04705972230180103,0.018841077942665062
365,104027.0,0.008593922731598527,0.004719928480106127,0.046824382131561995,0.019148874811347055
366,102988.0,0.008632073639647337,0.004728706257039655,0.04639375461218783,0.01948770730570552
367,101668.0,0.008665460125113112,0.004839280796317426,0.04641578471102018,0.019888263760475273
368,100105.0,0.008770790669796713,0.00503471355077169,0.04773987313321013,0.02030867589031517
369,98267.0,0.008883959009637009,0.005047472701924349,0.048307163137167104,0.0207902958266763
370,96243.0,0.009101960662074126,0.0051744022941928244,0.04813856592167742,0.021279469675716676
371,94061.0,0.00914300294489746,0.005283805190248881,0.048521704000595356,0.021815630282476267
372,91762.0,0.009252195898084174,0.005427083106296724,0.04873477038425492,0.022383993374163597
373,89350.0,0.009804141018466704,0.005651930609960828,0.04927811975377728,0.022954672635702295
374,86909.0,0.01004498958680919,0.005741637805060465,0.04915486313270202,0.02351885305319357
375,84463.0,0.010335886719628713,0.005671122266554586,0.05074411280679114,0.024081550501402982
376,81993.0,0.010366738624028881,0.006061493054285122,0.05127266961813813,0.024624053272840365
377,79549.0,0.010748092370740047,0.0061094419791575,0.05128914254107531,0.0251417365397428
378,77146.0,0.010797708241516086,0.006221968734607108,0.05183677702019547,0.0256008088559355
379,74800.0,0.01127005347593583,0.0064037433155080216,0.052553475935828875,0.026042780748663102
380,72554.0,0.011191664139813104,0.005871488822118698,0.05150646415083938,0.02636656834909171
381,70369.0,0.01145390726029928,0.006664866631613352,0.0526083929002828,0.02668788813255837
382,68255.0,0.011706102117061022,0.00682733865650868,0.053944765951212365,0.026972382975606182
383,66189.0,0.011648461224674795,0.0069195787819728355,0.05296952665850821,0.027149526356343198
384,64198.0,0.011822798218013022,0.00702514097012368,0.05551574815414811,0.027290569799682234
385,62284.0,0.011816838995568686,0.006903859739258879,0.055102434011945284,0.02737460664054974
386,60446.0,0.012027264004235184,0.0068656321344671275,0.05485888230817589,0.027396353770307382
387,58741.0,0.012069934117566947,0.007030864302616571,0.054170000510716534,0.02732333463849781
388,57097.0,0.012557577455908367,0.007250818782072613,0.054643851690982015,0.02719932746028688
389,55521.0,0.01282397651339133,0.0073305596080762234,0.05686136777075341,0.027016804452369373
390,54006.0,0.012554160648816799,0.007258452764507648,0.05643817353627375,0.026737769877421026
391,52563.0,0.012708559252706276,0.007381618248577897,0.05648459943306128,0.026387382759735935
392,51198.0,0.012578616352201259,0.00726590882456346,0.054963084495488104,0.025958045236142036
393,49909.0,0.012482718547756918,0.007153018493658458,0.05423871446031778,0.025466348754733616
394,48742.0,0.012596938984859054,0.007365311230560913,0.05377292683927619,0.024886135160641747
395,47636.0,0.012616508522965824,0.007410361911159627,0.05468553195062558,0.02426736081954824
396,46596.0,0.013005408189544166,0.007468452227659027,0.05586316422010473,0.023650098720920252
397,45640.0,0.013102541630148993,0.007646801051709027,0.05521472392638037,0.02298422436459246
398,44764.0,0.013537664194441962,0.007908140470020553,0.05730050933786078,0.02233937985881512
399,43970.0,0.013099840800545827,0.007505117125312713,0.056106436206504434,0.021673868546736412
400,43268.0,0.012988813904039937,0.0073957659240085055,0.05650827401312748,0.021101044651936768
401,42685.0,0.012721096403888955,0.007309359259693101,0.0556167271875366,0.020475576900550546
402,42181.0,0.013347241649083711,0.007467817263696925,0.05568858016642564,0.0198430573006804
403,41766.0,0.013551692764449553,0.007589905664894891,0.05775032322942106,0.019274050663218887
404,41429.0,0.013686065316565691,0.007796471070988921,0.05698906563035555,0.01861015230876922
405,41174.0,0.01425656967989508,0.007723320542089668,0.05722057609170836,0.018021081264875893
406,40997.0,0.013976632436519745,0.007805449179208235,0.05580896163133888,0.017367124423738323
407,40880.0,0.013943248532289627,0.007778864970645793,0.055283757338551856,0.01670743639921722
408,40836.0,0.013566460965814478,0.007493388186893917,0.053653638946028016,0.016088745224801644
409,40815.0,0.013940953080975132,0.007423741271591327,0.05397525419576136,0.015460002450079627
410,40805.0,0.013821835559367725,0.007180492586692807,0.054135522607523585,0.01485112118612915
411,40811.0,0.01413834505402955,0.007546984881527039,0.05353948690304085,0.014285364240033325
412,40818.0,0.013719437503062374,0.007594688617766672,0.05272183840462541,0.013719437503062374
413,40822.0,0.013669099995100681,0.007495958061829406,0.05269217578756553,0.013277154475527901
414,40826.0,0.013398324597070495,0.0074707294371234014,0.051756233772595896,0.012834958114926763
415,40848.0,0.013268703486094791,0.007491186839012926,0.0513611437524481,0.012436349392871133
416,40889.0,0.013059747120252391,0.00741030595025557,0.051285186725036076,0.012032575998434786
417,40955.0,0.0132828714442681,0.007471615187400806,0.05225247222561348,0.011744597729214993
418,41094.0,0.013481286805859737,0.007324670268165669,0.050493989390178615,0.011388523872098117
419,41298.0,0.01334205046249213,0.00731270279432418,0.051818489999515716,0.011138553925129547
420,41577.0,0.013132260624864708,0.007383890131563124,0.050556798229790506,0.010799239964403396
421,41931.0,0.013021392287329184,0.007703131334811953,0.05048770599317927,0.010517278385919725
422,42356.0,0.012678251015204457,0.007366134668051752,0.049414486731513836,0.010246482198507885
423,42854.0,0.01260092406776497,0.007467214262379241,0.049796985112241565,0.009940728986792364
424,43414.0,0.012945132906435713,0.007347860137282904,0.0509743400746303,0.00965126456903303
425,44076.0,0.012591886741083583,0.007260186949813958,0.04955077593248026,0.00934749069788547
426,44808.0,0.01316729155507945,0.007029994643813604,0.04891983574361721,0.009083199428673451
427,45608.0,0.012804771092790738,0.006906683038063498,0.048697596912822314,0.008836169093141555
428,46472.0,0.012652780168703736,0.006390945085212601,0.04800740230676536,0.008521260113616801
429,47410.0,0.01223370596920481,0.006728538283062645,0.04769036068340013,0.008331575616958447
430,48413.0,0.012062875673889245,0.006568483671741061,0.04750790077045422,0.00809699874000785
431,49489.0,0.01194204772777789,0.006506496393137869,0.0467376588736891,0.007880539109701146
432,50713.0,0.012265099678583401,0.006645238893380395,0.047561769171612804,0.007670617001557786
433,52044.0,0.012258857889478133,0.0069364383982783795,0.046403043578510494,0.007474444700637922
434,53489.0,0.011946381498999794,0.006618183177849651,0.04520555628260016,0.00732860962066967
435,55046.0,0.012080805144787996,0.00657631798859136,0.045362060821858084,0.007103150092649784
436,56703.0,0.011904132056504946,0.006013791157434351,0.04377193446554856,0.006948485970759925
437,58469.0,0.011544579178710086,0.006242624296635824,0.042997143785595784,0.006789922865108006
438,60330.0,0.01148682247637991,0.006331841538206531,0.04283109564064313,0.00661362506215813
439,62394.0,0.011299163381094336,0.0063627912940346825,0.042488059749334874,0.006410872840337212
440,64582.0,0.011024743736644886,0.006178192065900715,0.04111052615279799,0.006240128828466136
441,66894.0,0.010718450085209436,0.005830119293210153,0.040227823123150055,0.006054354650641313
442,69336.0,0.010413061036113995,0.005783431406484366,0.039027345102111456,0.005841121495327103
443,71881.0,0.01048955913245503,0.005467369680444067,0.0389671818700352,0.005648224148245016
444,74557.0,0.010609332457046287,0.005351610177448127,0.03861475113000792,0.005458910632133804
445,77345.0,0.010588919775033939,0.005572435192966578,0.03828301764819963,0.005275066261555369
446,80293.0,0.010698317412476803,0.005766380630939185,0.03847159777315581,0.0050938437970931465
447,83344.0,0.010270685352274909,0.0057112689575734305,0.03769917450566328,0.004979362641581877
448,86477.0,0.010372700255559282,0.0057240653584190015,0.03706187772471293,0.004833655191553823
449,89666.0,0.010249146833805456,0.0058216046215957,0.03645752013026119,0.00472865969263712
450,92834.0,0.010341038843527156,0.006043044574186182,0.036333670853351145,0.00465346747958722
451,95985.0,0.010376621347085483,0.005740480283377611,0.036828671146533314,0.004625722769182685
452,99073.0,0.010234877312688623,0.005945111180644575,0.03702320511138252,0.00457238601839048
453,102015.0,0.010076949468215458,0.00587168553644072,0.037033769543694556,0.004567955692790276
454,104786.0,0.009972706277556162,0.005983623766533697,0.037056477010287636,0.004580764605958811
455,107338.0,0.009968510685870801,0.005906575490506624,0.03653878402802362,0.004602284372729136
456,109640.0,0.010260853703028093,0.006147391462969719,0.0368296242247355,0.004660707770886538
457,111614.0,0.01033920475925959,0.006173060727148924,0.03759385023384163,0.004730589352590177
458,113308.0,0.01046704557489321,0.0061778515197514735,0.037852578811734386,0.0048187241854061496
459,114703.0,0.010601292032466457,0.006268362640907387,0.03841224728211119,0.004890892130109936
460,115775.0,0.010494493629885554,0.0064521701576333405,0.038177499460159796,0.004966529907147485
461,116535.0,0.010820783455614193,0.006701849229845111,0.038769468400051486,0.005088599991418887
462,117001.0,0.011051187596687207,0.006863189203511081,0.038461209733250144,0.00518798984624063
463,117194.0,0.011160980937590662,0.006783623735003498,0.03826987729747257,0.0052733075072102665
464,117080.0,0.01139391868807653,0.006807311240177656,0.0380765288691493,0.00538093611206013
465,116800.0,0.01148972602739726,0.006832191780821918,0.03871575342465754,0.005470890410958904
466,116396.0,0.011744389841575312,0.006881679782810406,0.039193786728066254,0.005575792982576721
467,115871.0,0.011780341931976078,0.00680066625816641,0.039233285291401646,0.005661468357052239
468,115275.0,0.011823899371069183,0.006896551724137931,0.03917588375623509,0.005734114075037953
469,114633.0,0.01203841825652299,0.007074751598579816,0.038618896827266144,0.0058185688239861125
470,113966.0,0.012117649123422775,0.007203902918414264,0.0384500640541916,0.0058789463524208975
471,113249.0,0.012238518662416445,0.0072053616367473445,0.038278483695220265,0.005916167030172452
472,112539.0,0.01232461635521908,0.007135304205653151,0.03898204178107145,0.005971263295390931
473,111832.0,0.012348880463552472,0.007055225695686387,0.03969346877459046,0.0060179555046856
474,111047.0,0.012463191261357804,0.007195151602474628,0.03899249867173359,0.006033481318720902
475,110218.0,0.012475276270663594,0.0074035094086265405,0.038342194559872256,0.006060716035493295
476,109326.0,0.012311801401313502,0.0074273274426943274,0.03809706748623383,0.006082725060827251
477,108354.0,0.012182291378260147,0.007521642025213652,0.03733133986747143,0.006109603706369862
478,107301.0,0.01220864670413137,0.0073717859106625285,0.03688688828622287,0.006113642929702426
479,106137.0,0.012248320566814588,0.00731130519988317,0.037112411317448205,0.006161847423612878
480,104849.0,0.012274795181642172,0.007114993943671375,0.038111951473070796,0.006180316455092562
481,103335.0,0.01239657424880244,0.007286979242270286,0.03749939517104563,0.0062321575458460345
482,101645.0,0.01238624624920065,0.0073195927000836245,0.0382802892419696,0.0062669093413350386
483,99779.0,0.012647951973862235,0.007666943946120927,0.03834474187955381,0.006364064582727829
484,97733.0,0.012974123376955584,0.007899071961364124,0.03899399384036099,0.0064563658129802625
485,95529.0,0.013283924253368088,0.007945231291021575,0.037883783981827505,0.006584387986894032
486,93162.0,0.013718039544020094,0.008114896631673859,0.0390609905326206,0.006708743908460531
487,90661.0,0.013986168253162881,0.008063003937746109,0.04078931403800973,0.006871753013975138
488,87953.0,0.014178026900731073,0.008538651325139562,0.04048753311427694,0.0070605891783111436
489,85114.0,0.014039993420588858,0.00828300867072397,0.04080409803322602,0.007260850153911225
490,82167.0,0.014154100794722943,0.007983740431073302,0.04129395012596298,0.007472586318108243
491,79131.0,0.014406490503089814,0.008504884305771442,0.041412341560197644,0.007734010691132426
492,76047.0,0.014675135113811195,0.00865254382158402,0.042868226228516576,0.008008205451891593
493,72921.0,0.014920256167633466,0.008598346155428477,0.042827169128234664,0.008269222857613034
494,69782.0,0.015462440170817689,0.00877016995786879,0.045212232380843195,0.008540884468774183
495,66606.0,0.01610965979040927,0.00929345704591178,0.04639221691739483,0.008858060835360178
496,63450.0,0.016706067769897557,0.009440504334121356,0.047344365642237984,0.009188337273443656
497,60336.0,0.01703792097586847,0.009844868735083532,0.04839565102094935,0.009529965526385574
498,57286.0,0.017456272038543448,0.010211919142547918,0.048563348811227876,0.009880249973815591
499,54365.0,0.01765841993929918,0.010245562402280878,0.04850547227076244,0.01026395658971765
500,51527.0,0.01824286296504745,0.010344091447202438,0.050090243949773905,0.010615793661575485
501,48790.0,0.019245747079319534,0.010473457675753228,0.05179340028694405,0.011006353761016602
502,46144.0,0.019417475728155338,0.011030686546463246,0.05196775312066574,0.011399098474341193
503,43620.0,0.019922054103622192,0.011875286565795506,0.05389729481889042,0.01180651077487391
504,41226.0,0.01964779508077427,0.011546111677096977,0.05394653859215059,0.012298064328336487
505,38964.0,0.01978749615029258,0.012139410738117237,0.053870239195154504,0.012729699209526742
506,36894.0,0.02013877595272944,0.0125765707161056,0.05518512495256681,0.013227082994524854
507,34927.0,0.020843473530506484,0.012884015231769118,0.05797806854296103,0.01362842500071578
508,33069.0,0.021470259155099942,0.013365992319090386,0.06011672563427984,0.014091747558136018
509,31292.0,0.02198645021091653,0.012878691039243257,0.06170906301930206,0.014604371724402402
510,29614.0,0.02275950563922469,0.013946106571216317,0.06250422097656513,0.015026676571891672
511,28032.0,0.023401826484018264,0.014269406392694063,0.06367722602739725,0.01548230593607306
512,26539.0,0.02411545272994461,0.01484607558687215,0.06360450657522891,0.015976487433588305
513,25192.0,0.024134645919339472,0.01480628771038425,0.06406795808193078,0.016394093362972373
514,23904.0,0.02547690763052209,0.015394912985274432,0.06710174029451138,0.016817269076305222
515,22687.0,0.026138317097897476,0.01573588398642394,0.06911447084233262,0.017234539604178603
516,21518.0,0.026164141648852123,0.015661306812900826,0.07175388047216284,0.0176131610744493
517,20419.0,0.02654390518634605,0.01601449630246339,0.07208972035848964,0.017973456094813652
518,19381.0,0.026520819359166194,0.01645941901862649,0.07161653165471338,0.01831690831226459
519,18406.0,0.027599695751385416,0.017005324350755188,0.07193306530479192,0.018743887862653484
520,17525.0,0.028017118402282454,0.017974322396576318,0.07252496433666192,0.019172610556348075
521,16682.0,0.029253087159812972,0.017803620668984534,0.0741517803620669,0.019661911041841507
522,15875.0,0.03011023622047244,0.018078740157480316,0.07905511811023622,0.02015748031496063
523,15101.0,0.031189987418051783,0.018674259982782597,0.07727965035428118,0.020660883385206278
524,14360.0,0.03203342618384401,0.019080779944289694,0.07889972144846796,0.021448467966573816
525,13655.0,0.03288172830465031,0.02006590992310509,0.07960454046136946,0.022336140607835956
526,12980.0,0.032357473035439135,0.02110939907550077,0.08212634822804314,0.023343605546995376
527,12365.0,0.03348160129397493,0.020460978568540233,0.08257177517185604,0.024423776789324707
528,11771.0,0.03483136521960751,0.021918273723557896,0.08529436751338035,0.02531645569620253
529,11207.0,0.03533505844561435,0.02195056661015437,0.08931917551530294,0.02650129383421076
530,10675.0,0.03531615925058548,0.022576112412177985,0.09180327868852459,0.027728337236533958
531,10178.0,0.03674592257810965,0.023285517783454508,0.09196305757516211,0.028689329927294165
532,9717.0,0.03704847175054029,0.02336111968714624,0.09241535453329217,0.02963877740043223
533,9296.0,0.03754302925989673,0.02248278829604131,0.09165232358003442,0.03055077452667814
534,8929.0,0.03729420987792586,0.023854854966961585,0.09295553813416955,0.03091051629521783
535,8597.0,0.03652436896591835,0.02361288821681982,0.09445155286727928,0.031173665232057696
536,8297.0,0.03724237676268531,0.023864047245992528,0.09762564782451488,0.03109557671447511
537,8027.0,0.037623022299738386,0.024666749719696027,0.09966363523109506,0.031020306465678337
538,7788.0,0.03697996918335902,0.02465331278890601,0.10143810991268619,0.030559835644581406
539,7580.0,0.03680738786279683,0.024274406332453827,0.10290237467018469,0.029683377308707123
540,7392.0,0.03720238095238095,0.024350649350649352,0.09780844155844155,0.028814935064935064
541,7239.0,0.037574250587097666,0.02403646912556983,0.09683657963807156,0.027766266058847907
542,7094.0,0.038765153650972654,0.024245841556244714,0.10064843529743445,0.026783197067944742
543,6953.0,0.04012656407306199,0.023011649647634115,0.10081979001869697,0.02588810585358838
544,6825.0,0.03794871794871795,0.024175824175824177,0.09963369963369964,0.024468864468864468
545,6704.0,0.03714200477326969,0.02356801909307876,0.09874701670644391,0.023717183770883055
546,6589.0,0.03596903930793747,0.023068750948550616,0.09789042343299438,0.022916982850204888
547,6482.0,0.03455723542116631,0.023295279234804074,0.09657513113236656,0.022061092255476703
548,6398.0,0.03297905595498593,0.022819631134729602,0.09299781181619256,0.021569240387621133
549,6332.0,0.03300694883133291,0.021320277953253315,0.0950726468730259,0.021162349968414405
550,6286.0,0.0334075723830735,0.020680878141902642,0.09656379255488387,0.020521794463888004
551,6284.0,0.032622533418204966,0.021164863144493954,0.09325270528325907,0.020369191597708464
552,6321.0,0.03369719981015662,0.017402309761113746,0.09017560512577123,0.0196171491852555
553,6401.0,0.03343227620684268,0.01890329635994376,0.08826745820965474,0.01905952194969536
554,6527.0,0.032020836525203,0.01807874980848782,0.08349931055615137,0.018385169296767274
555,6693.0,0.029284326908710592,0.01733154041535933,0.07634842372628119,0.01748095024652622
556,6900.0,0.027246376811594204,0.01681159420289855,0.07376811594202899,0.01681159420289855
557,7148.0,0.02672076105204253,0.0155288192501399,0.07386681589255736,0.01594851706771125
558,7448.0,0.02537593984962406,0.015843179377013964,0.06901181525241676,0.015037593984962405
559,7788.0,0.023754494093477144,0.015023112480739599,0.06343091936312276,0.014252696456086287
560,8165.0,0.023025107164727495,0.014451928965094916,0.06111451316595223,0.013349663196570728
561,8576.0,0.021338619402985076,0.013875932835820896,0.05783582089552239,0.012709888059701493
562,9028.0,0.018941072219760744,0.01362428001772264,0.053943287549844926,0.012184315463003987
563,9512.0,0.01682085786375105,0.011984861227922625,0.049936921783010936,0.011669470142977293
564,10030.0,0.016151545363908275,0.010967098703888335,0.04805583250249252,0.011166500498504487
565,10619.0,0.015820698747528016,0.010264620020717583,0.045861192202655617,0.010829644975986439
566,11260.0,0.015097690941385435,0.009413854351687389,0.04413854351687389,0.010213143872113677
567,11953.0,0.014724336986530579,0.0086170835773446,0.04325273989793357,0.009788337655818623
568,12704.0,0.013617758186397984,0.007950251889168767,0.042899874055415614,0.009288413098236775
569,13505.0,0.01310625694187338,0.00762680488707886,0.03820807108478341,0.008885597926693817
570,14364.0,0.012183235867446393,0.006752993595098858,0.03682818156502367,0.008563074352548036
571,15280.0,0.011256544502617802,0.006151832460732984,0.03363874345549738,0.008049738219895288
572,16280.0,0.010995085995085994,0.005835380835380835,0.03366093366093366,0.007555282555282555
573,17338.0,0.010785557734456108,0.005883031491521513,0.032702733879340175,0.006978890298765717
574,18449.0,0.011220120331725297,0.005637161905794352,0.03214266355900049,0.006396010623882053
575,19609.0,0.010403386200214188,0.0050487021265745325,0.0315671375388852,0.006017644958947422
576,20794.0,0.010291430220255844,0.004760988746753871,0.030778109069924016,0.005530441473501972
577,22007.0,0.010087699368382788,0.004680328986231654,0.0286726950515745,0.005043849684191394
578,23232.0,0.009771005509641873,0.004476584022038568,0.028107782369146007,0.004691804407713498
579,24495.0,0.009920391916717697,0.004817309655031639,0.0290263319044703,0.004409063074096754
580,25763.0,0.009626208127935411,0.004619027287194814,0.02849047083026045,0.004192058378294453
581,27028.0,0.00943466035222732,0.004217848157466331,0.028784963741305312,0.003995856149178629
582,28289.0,0.00950899642970766,0.004312630351019831,0.029340026158577538,0.003888437201739192
583,29526.0,0.009212219738535529,0.004267425320056899,0.029736503420713947,0.003861003861003861
584,30762.0,0.007314218841427736,0.0032182562902282035,0.02538846628957805,0.0039009167154281255
585,31991.0,0.00750210996842862,0.0031883967365821638,0.02628864368103529,0.003907348941889907
586,33243.0,0.007369972625815961,0.0033691303432301536,0.025779863429895016,0.004000842282585807
587,34501.0,0.00965189414799571,0.004463638735109127,0.03028897713109765,0.0040868380626648505
588,35759.0,0.009787745742330602,0.004642187980648228,0.030481836740401017,0.004222713163119774
589,37017.0,0.009860334440932544,0.004241294540346327,0.03139098252154415,0.004349352999972985
590,38245.0,0.00996208654726108,0.0041835534056739445,0.031141325663485424,0.0044188782847431034
591,39476.0,0.009626101935353126,0.004382409565305502,0.030372884790758944,0.004585064342891884
592,40698.0,0.009681065408619589,0.004177109440267335,0.030099759201926386,0.004717676544301931
593,41919.0,0.009804623201889358,0.00422242897015673,0.03072592380543429,0.004818817242777738
594,43117.0,0.010065635364241482,0.0044993853932323675,0.031055036296588352,0.0049168541410580515
595,44288.0,0.01013818641618497,0.0048094291907514455,0.03106936416184971,0.00501264450867052
596,45423.0,0.01030315038636814,0.004865376571340511,0.03088743588050107,0.005085529357374018
597,46495.0,0.010366706097429831,0.004774706957737391,0.032003441230239814,0.005183353048714916
598,47527.0,0.010436173122646076,0.004797273128958277,0.03231847160561365,0.005281208576177751
599,48513.0,0.010636324284212479,0.004905901510935213,0.03242429864160122,0.005359388205223342
600,49473.0,0.010813979342267499,0.0048713439653952665,0.03258342934529946,0.005477735330382229
601,50389.0,0.011034154279703903,0.004802635495842347,0.03387644128678878,0.005596459544741908
602,51260.0,0.011100273117440499,0.005033164260632072,0.034978540772532186,0.005715957861880608
603,52092.0,0.01111495047224142,0.00504875988635491,0.034938186285802045,0.005816632112416494
604,52867.0,0.011349234872415685,0.00514498647549511,0.03616622846009798,0.005958348308018235
605,53625.0,0.00841025641025641,0.0031515151515151517,0.029184149184149185,0.006060606060606061
606,54368.0,0.011606091818716892,0.004947763390229547,0.036455267804590935,0.006180105944673337
607,55093.0,0.011925289964242282,0.005046013105113172,0.03617519467082932,0.006316591944530158
608,55798.0,0.012133051363848166,0.005233162478941898,0.03768952292196853,0.006433922362808703
609,56481.0,0.012004036755723164,0.00525840548148935,0.037517041128875196,0.006550875515660134
610,57135.0,0.011971646101338934,0.005513258072985036,0.03717511157784195,0.006685919313905662
611,57730.0,0.011640394941971246,0.0051619608522432015,0.037103758877533345,0.006807552399099255
612,58283.0,0.008973457097266784,0.0037575279240945046,0.03194756618568022,0.0069316953485578986
613,58774.0,0.009136693095586484,0.0036750944295096473,0.0323442338448974,0.007060945315956035
614,59189.0,0.011961682069303418,0.005575360286539728,0.03816587541604014,0.0071972832789876495
615,59520.0,0.012231182795698925,0.005544354838709678,0.0396505376344086,0.0073420698924731185
616,59764.0,0.01224817615956094,0.005689043571380764,0.03999062981058831,0.007529616491533365
617,59919.0,0.012400073432467164,0.005540813431465812,0.04063819489644353,0.007660341460972313
618,59981.0,0.012337240126039912,0.00548507027225288,0.040312765709141225,0.007869158566879511
619,59979.0,0.009903466213174611,0.003834675469747745,0.034178629186882074,0.008052818486470265
620,59924.0,0.010196248581536614,0.0039216340698217745,0.03506107736466191,0.008260463253454375
621,59790.0,0.01256062886770363,0.005636394045827061,0.04142833249707309,0.008446228466298712
622,59609.0,0.012716200573738864,0.005502524786525524,0.042023855458068415,0.00867318693485883
623,59381.0,0.012849227867499705,0.005439450329229888,0.041848402687728395,0.008891733045923781
624,59106.0,0.01032044124115995,0.003975907691266538,0.03617230061245897,0.009085372043447365
625,58769.0,0.012659735574877911,0.005411016011842978,0.041824771563239126,0.009290612397692662
626,58383.0,0.010362605552986315,0.003956631211140229,0.036774403507870444,0.009471935323638731
627,57944.0,0.010406599475355516,0.004003865801463482,0.0370530167057849,0.009612729531961895
628,57406.0,0.012960317736821936,0.00562658955509877,0.044002369090338986,0.009772497648329444
629,56788.0,0.013083750088046771,0.005617383954356554,0.044886243572585756,0.009896456997957315
630,56087.0,0.012944176012266656,0.005651933603152246,0.04594647601048371,0.009984488384117531
631,55301.0,0.013182401764886711,0.005641850961103778,0.04688884468635287,0.010072150594021808
632,54442.0,0.013372028948238492,0.005675765034348481,0.046930678520260095,0.010175967084236435
633,53512.0,0.01338017640902975,0.005867842726865002,0.046550306473314394,0.010259381073404097
634,52521.0,0.013594562175129948,0.005902400944384151,0.047752327640372426,0.010357761657241865
635,51461.0,0.013485940809545093,0.005985114941411943,0.048561046229183266,0.010454518956102679
636,50364.0,0.014256214756572155,0.00647287745214836,0.049559208958780084,0.010622666984353903
637,49238.0,0.014419757098176205,0.006722450140135667,0.050915959218489786,0.010784353548072627
638,48097.0,0.014824209410150321,0.007110630600661164,0.05129218038547103,0.010998606981724432
639,46956.0,0.01501405571173013,0.007240821194309566,0.052687622455064316,0.011244569384104269
640,45825.0,0.015210038188761594,0.007223131478450627,0.05287506819421713,0.011500272776868522
641,44715.0,0.015788885161578888,0.007514256960751426,0.0547020015654702,0.011808118081180811
642,43621.0,0.016116090873661768,0.007909034639279246,0.055592489855803395,0.012104261708809978
643,42561.0,0.015883085453819223,0.008176499612321139,0.056577618007095695,0.01235873217264632
644,41543.0,0.016224153286955683,0.008063933755385985,0.05637532195556411,0.012661579568158294
645,40567.0,0.01575171937781941,0.007567727463209013,0.0571153893558804,0.012892252323316982
646,39664.0,0.015883420734167004,0.00781565147236789,0.05687777329568374,0.01313533682936668
647,38796.0,0.01634189091658934,0.007964738632848748,0.05706773894215898,0.013377667800804207
648,37976.0,0.01648409521803244,0.00811038550663577,0.057825995365493994,0.013508531704234253
649,37205.0,0.016556914393226718,0.007902163687676388,0.057653541190700174,0.013654078752855799
650,36485.0,0.01685624229135261,0.008112923119090037,0.05772235165136357,0.013704262025489928
651,35818.0,0.0171143000725892,0.008403595957339884,0.058685577084147636,0.013764029259031772
652,35206.0,0.017212975061069134,0.008265636539226268,0.05922285973981708,0.013719252400159063
653,34673.0,0.017419894442361493,0.008421538372797277,0.05918149568828772,0.013641738528538056
654,34191.0,0.01725600304173613,0.008598754058085462,0.05881664765581586,0.013512327805562867
655,33768.0,0.017176024638711207,0.008380715470267709,0.05993840322198531,0.013296612177209193
656,33412.0,0.01729917394947923,0.0080809290075422,0.0602777445229259,0.013198850712318928
657,33126.0,0.016995713336955865,0.008029946265773108,0.062216989675783374,0.012950552436152871
658,32909.0,0.01650004558023641,0.008325989850800693,0.059436628277978666,0.012671305721839011
659,32754.0,0.01602857666239238,0.008243267997801795,0.05910728460646028,0.012456493863344935
660,32688.0,0.0157856093979442,0.007923396965247185,0.058951297112090066,0.012114537444933921
661,32674.0,0.015425108649078778,0.007712554324539389,0.05863989716594234,0.01187488522984636
662,32715.0,0.015252942075500535,0.00761118752865658,0.05881094299251108,0.011615466911202812
663,32805.0,0.01511964639536656,0.007681755829903978,0.05715592135345222,0.01133973479652492
664,32937.0,0.015210857090809727,0.007863496979081277,0.05707866533078301,0.011203206120776027
665,33106.0,0.014649912402585634,0.007702531263215127,0.05376668881773697,0.010994985803177672
666,33301.0,0.014083661151316778,0.0076273985766193205,0.053932314344914564,0.010870544428095253
667,33524.0,0.014079465457582627,0.007367855864455316,0.05330509485741558,0.010768404724973153
668,33750.0,0.013955555555555556,0.0072,0.05294814814814815,0.010666666666666666
669,33973.0,0.01401112648279516,0.007388220057104171,0.0530421216848674,0.010537780001766108
670,34194.0,0.01383283617008832,0.006989530326957946,0.05164648768789846,0.010440428145288647
671,34401.0,0.01311008400918578,0.006947472457196012,0.05153919944187669,0.010348536379756402
672,34593.0,0.012921689359118896,0.006880004625213193,0.05058826930303819,0.010146561443066516
673,34774.0,0.012796917237016162,0.006930465290159314,0.04989359866566975,0.010007476850520504
674,34943.0,0.012763643648227112,0.007011418595999199,0.048965458031651546,0.009787367999313167
675,35104.0,0.01267661804922516,0.007007748404740201,0.048142661804922514,0.009628532360984503
676,35264.0,0.012987749546279492,0.006890880217785844,0.04866152450090744,0.00941470054446461
677,35451.0,0.012665369101012666,0.006685283913006685,0.04792530535104793,0.009223999323009224
678,35655.0,0.012901416351142897,0.006590940961996915,0.04731454213995232,0.009002944888514934
679,35887.0,0.01259509014406331,0.006213949340986987,0.04631203499874607,0.008749686516008583
680,36154.0,0.012474415002489352,0.006361675056701886,0.04381257952093821,0.008491453227858605
681,36447.0,0.012236946799462233,0.006337970203308914,0.04346036710840399,0.00828600433506187
682,36785.0,0.011825472339268724,0.006252548593176566,0.0433872502378687,0.008046758189479407
683,37164.0,0.011947045527930255,0.006242600365945539,0.04291787751587558,0.007857065977828006
684,37641.0,0.012486384527509897,0.006322892590526288,0.04341011131478972,0.007677798145639064
685,38184.0,0.011994552692227111,0.0059972763461135555,0.04305468258956631,0.007516237167399958
686,38802.0,0.011416937271274677,0.005850213906499665,0.041879284572960154,0.007267666615122932
687,39504.0,0.011011543134872417,0.005796881328473066,0.039970635884973675,0.007138517618469016
688,40286.0,0.01126942362110907,0.00575882440550067,0.0383011468003773,0.006999950354962021
689,41163.0,0.01083497315550373,0.00561183587202099,0.03738794548502296,0.006826518961203022
690,42129.0,0.010847634645968336,0.005554368724631489,0.037646276911391205,0.006646253174772722
691,43386.0,0.010279813764808925,0.005278200341123865,0.03602544599640437,0.006476743650025354
692,44840.0,0.009500446030330062,0.005129348795718109,0.03454504906333631,0.0062667261373773415
693,46521.0,0.00924313750779218,0.004858021108746588,0.032845381655596396,0.006061778551621848
694,48463.0,0.008769576790541238,0.004539545632750758,0.031384767760972286,0.0058601407259146155
695,50702.0,0.008283696895585974,0.0042799100627194196,0.029821308824109504,0.0056210800362904816
696,53270.0,0.007959451849070771,0.003998498216632251,0.028796696076590952,0.005368875539703398
697,56179.0,0.007814307837448157,0.0037024510938250947,0.02783958418626177,0.0051086704996528955
698,60233.0,0.0075207942489997175,0.0038019026115252434,0.025550777812826855,0.00476482991051417
699,65070.0,0.006961733517750116,0.0035961272475795295,0.023344090978945752,0.004395266635930537
700,70832.0,0.006211881635419019,0.003360063248249379,0.021699231985543257,0.004009487237406822
701,77664.0,0.0054594149155335805,0.0028713432220848784,0.01995776679027606,0.0036439019365471777
702,85693.0,0.005076260604716838,0.0026256520369225024,0.018402903387674606,0.003279147655000992
703,95059.0,0.004765461450257209,0.002503708223313942,0.016715934314478376,0.0029350193038007975
704,105827.0,0.0043372674270271295,0.002277301633798558,0.01566707928978427,0.0026080300868398425
705,119077.0,0.003930230019231254,0.0020239005013562654,0.01403293667122954,0.002284236250493378
706,134264.0,0.0034484299588869688,0.0018545552046713937,0.012743550020854436,0.0020258595006852173
707,151437.0,0.0030045497467593783,0.0015848174488401116,0.01185311383611667,0.0017829196299451258
708,170583.0,0.0027024967317962516,0.0014421132234747893,0.010546185727768886,0.0016003939431244614
709,191576.0,0.0023541570969223703,0.001216227502401136,0.009588883785025265,0.0014250219234142063
710,214304.0,0.0020951545468120055,0.0010732417500373302,0.00879124981334926,0.0013018889054800657
711,238532.0,0.001995539382556638,0.0009684235238877802,0.009088927271812586,0.001194808243757651
712,264210.0,0.0018545853676999356,0.0009083683433632338,0.0091291018508005,0.001120320956814655
713,290864.0,0.0016365036580670003,0.0008320039606138952,0.009048902579899884,0.0010657901974806094
714,318106.0,0.0016032391718483776,0.0007764707361697044,0.009427675051712322,0.0010373900523724796
715,345510.0,0.0015426471013863564,0.0007322508755173512,0.009730543254898557,0.0010187838268067495
716,372477.0,0.0014766012398080956,0.0007302464313232763,0.008964311890398601,0.0010228819497579717
717,398698.0,0.0014396861785110535,0.0006822206281446107,0.009694054146246031,0.0010408880907353435
718,423682.0,0.0014610014114359354,0.0007033577069594649,0.01008775449511662,0.001064477603485633
719,446319.0,0.001445154698769266,0.0006900893755363316,0.01066053652208398,0.0011045911108422451
720,466544.0,0.001508968071607394,0.0007201893069035289,0.011407284200418396,0.0011595905209369319
721,483969.0,0.00152695730511665,0.0007541805363566674,0.011942913699017912,0.0012294175866636085
722,498290.0,0.0015874290072046399,0.0007425394850388328,0.012304079953440768,0.0013144955748660419
723,508816.0,0.0017000251564416213,0.0007900694946699789,0.01325233483223798,0.0014071884531932958
724,516118.0,0.0017495998976978133,0.000780829190223941,0.013911547359324806,0.001509344762244293
725,520115.0,0.0017573036732261135,0.000784441902271613,0.014325677975063207,0.0016265633561808447
726,520325.0,0.0018699851054629318,0.0008225628213136021,0.0155441310719262,0.0017623600634218998
727,517159.0,0.0019742477651940697,0.0008527358123903867,0.016534566738662576,0.0019220394501497605
728,510833.0,0.0020143569424841386,0.0009063627447717747,0.01757717297042282,0.0020926604193542706
729,501651.0,0.0021269767228611126,0.000950860259423384,0.018622508477008918,0.00228844355936697
730,489385.0,0.0022395455520704557,0.0010625581086465667,0.01965936839093965,0.0025092718411884305
731,475432.0,0.002357855592387555,0.001144222517626075,0.02100405525921688,0.002744872032172845
732,460196.0,0.002442437570078836,0.0012168728107154344,0.02229267529487436,0.003009587219358708
733,443805.0,0.0026588253850227013,0.0013001205484390666,0.02385732472594946,0.0032987460709095213
734,426855.0,0.002811259092666128,0.0013822023872275128,0.024802333345046914,0.003607782502254864
735,409701.0,0.002968018140058238,0.0014376337865907088,0.02622156157783359,0.003939458287873352
736,392632.0,0.0030512031622486196,0.001543429980235946,0.02730546669655046,0.004296644185904358
737,375744.0,0.0032309231817407597,0.001676673479816045,0.028346427354794753,0.004668071878725941
738,359442.0,0.0033607647409039567,0.0017360241707980704,0.029693246754691996,0.005060621741477068
739,343854.0,0.003507302517929121,0.0018030908466965632,0.031513374862587026,0.005452895705735573
740,328847.0,0.0037494640364668067,0.0019401119669633599,0.033517106739608386,0.005868990746456559
741,314598.0,0.0037889624218844366,0.002043878219187662,0.03411973375545935,0.006268317026808816
742,301119.0,0.00384897665042724,0.0020523447540673288,0.03504926623693623,0.006668459977616822
743,288405.0,0.004053327785579307,0.002219101610582341,0.036226833792756714,0.007062984344931606
744,276849.0,0.00421168218053885,0.0022972811893848272,0.03637000675458463,0.0074119827053736875
745,265835.0,0.004292136099460191,0.0022457539451163316,0.037282524874452196,0.007775499840126395
746,255407.0,0.00445954887689061,0.0022982925291789185,0.039035735120807186,0.00811645726233032
747,245388.0,0.004662004662004662,0.0024288066246108205,0.04057248113192169,0.00844377068153292
748,235875.0,0.004659247482776895,0.0024122946475887653,0.041157392686804455,0.008750397456279809
749,226837.0,0.004730268871480402,0.0025480851889242056,0.041412996997844266,0.009050551717753277
750,218232.0,0.004843469335386195,0.002520253674988086,0.041923274313574545,0.009338685435683126
751,210356.0,0.004929738158169959,0.0025242921523512523,0.04198596664701744,0.009583753256384416
752,202714.0,0.004947857572737946,0.002575056483518652,0.04239963692690194,0.009826652327910258
753,195342.0,0.005134584472361294,0.0026722363854163465,0.04397927736994604,0.010064399873043176
754,188081.0,0.005359393027472206,0.002855152833087872,0.04519861123664804,0.010304071118294776
755,181031.0,0.005391341814385381,0.002877960128375803,0.04577116626434147,0.010523059586479663
756,174180.0,0.005488575037317717,0.0029796761970375474,0.046538064071650016,0.010736020208979217
757,167512.0,0.0054921438464110035,0.0029251635703710778,0.04656382826304981,0.010930560198672334
758,161214.0,0.005421365390102597,0.0028905678166908583,0.046472390735295944,0.011109456995050058
759,155001.0,0.005458029303036754,0.002838691363281527,0.04675453706750279,0.011283798169044072
760,148899.0,0.005634691972410829,0.0028811476235569076,0.0492347161498734,0.011417135105004063
761,142884.0,0.0056339408191260045,0.0029604434366339127,0.05006158842137678,0.011547829008146469
762,137012.0,0.0056929320059556825,0.0030727235570606956,0.05060140717601378,0.011626718827547951
763,131310.0,0.005841139288706115,0.0031223821491127867,0.05147361206305689,0.011705125276064276
764,125806.0,0.006041047326836558,0.003163601100106513,0.05215172567286139,0.011740298554917889
765,120677.0,0.006049205731000936,0.0032151942789429636,0.05262808985970815,0.01175037496788949
766,115763.0,0.00599500704024602,0.0032221003256653682,0.05361816815390064,0.01174814059760027
767,111127.0,0.0061191249651299864,0.003356520017637478,0.056106976702331564,0.01171632456558712
768,106794.0,0.006283124520104126,0.003380339719459895,0.05784032810832069,0.01168604977807742
769,102817.0,0.006409445908750498,0.0033652022525457854,0.05875487516655806,0.011622591594775184
770,99209.0,0.006561904665907327,0.0034875868116803917,0.06000463667610802,0.011591690270035985
771,95980.0,0.006532610960616795,0.003386122108772661,0.058689310272973534,0.011544071681600333
772,93239.0,0.00635999957099497,0.0033462392346550263,0.05818380720513948,0.011475884554746404
773,90801.0,0.006398607944846422,0.003535203356791225,0.0579949560026872,0.011442605257651348
774,88662.0,0.006383794635807899,0.0034061943109787735,0.05906701856488687,0.011391577000293248
775,86810.0,0.006566063817532542,0.003352148370003456,0.05918672963944246,0.011289022002073493
776,85217.0,0.00654798925097105,0.0034382810941478814,0.058544656582606755,0.011230153607848199
777,83864.0,0.0065224649432414385,0.003469903653534294,0.05915529905561385,0.01114900314795383
778,82725.0,0.006527651858567543,0.003155031731640979,0.058821396192203085,0.011060743427017225
779,81880.0,0.006265266243282853,0.003041035661944309,0.05766976062530532,0.010942843185149
780,81158.0,0.00623475196530225,0.0029079080312476896,0.05687670962813278,0.010880011828778431
781,80550.0,0.006306641837368094,0.0029671011793916823,0.057777777777777775,0.010751086281812539
782,80064.0,0.006307454036770584,0.0030600519584332536,0.05807853717026379,0.01066646682653877
783,79682.0,0.006174543811651314,0.002936673276273186,0.056725483798097436,0.010567003840265054
784,79395.0,0.006159078027583601,0.002896907865734618,0.05729579948359469,0.010466654071415076
785,79199.0,0.005896539097715881,0.002828318539375497,0.05516483793987298,0.010378918925744012
786,79113.0,0.005662786141342131,0.0027302718895756703,0.053821748638024094,0.010289080176456461
787,79087.0,0.005563493368063019,0.0026173707436114657,0.05251179081264936,0.010191308306042712
788,79112.0,0.005460612802103347,0.0024522196379815958,0.052507836990595615,0.010074325007584185
789,79261.0,0.005488197221836717,0.0025485421581862453,0.052699309874970034,0.009941837725993868
790,79501.0,0.005144589376234261,0.0024024855033270022,0.051961610545779295,0.009773461969031836
791,79831.0,0.005060690709123022,0.002279816111535619,0.05064448647768411,0.009545164159286492
792,80278.0,0.004658810633050151,0.0021923814743765417,0.0490919056279429,0.00928025112733252
793,80856.0,0.0044399920846937765,0.002003561887800534,0.048209161966953594,0.009016028495102404
794,81570.0,0.00435209022925095,0.002035061910015937,0.04754198847615545,0.008716439867598381
795,82424.0,0.004416189459380763,0.001965446957196933,0.047886537901582066,0.008383480539648646
796,83541.0,0.004333201661459642,0.0020349289570390588,0.04776097963874026,0.008020014124800997
797,84866.0,0.0043008978860792305,0.002038507765182759,0.04715669408243584,0.0076709165036646
798,86410.0,0.004224048142576091,0.001955792153685916,0.04640666589515102,0.007313968290707094
799,88179.0,0.004173329250728631,0.0019052155275065491,0.04606538971864049,0.0069744496989079035
800,90161.0,0.003959583411896496,0.0018744246403655683,0.044642361996872264,0.006665853306862169
801,92350.0,0.0038765565782349757,0.0017758527341635085,0.044916080129940444,0.006334596643205198
802,94727.0,0.0038215081233439253,0.0017207343207322095,0.04469686572993972,0.0060278484486999484
803,97389.0,0.003840269434946452,0.0015915555144831552,0.04361888919693189,0.005770672252513117
804,100248.0,0.0036309951320724603,0.0016558933844066715,0.043522065278110283,0.00552629478892347
805,103287.0,0.0034273432280925963,0.001607172248201613,0.042367384085122035,0.0053152865317029245
806,106487.0,0.0032022688215462922,0.0014649675547249899,0.04250284072234169,0.005127386441537465
807,109821.0,0.0030868413145026907,0.0014113876216752716,0.04181349650795385,0.00498083244552499
808,113273.0,0.0030633955134939483,0.0013595472884094179,0.0414397076090507,0.004864354259179152
809,116810.0,0.002953514253916617,0.001361184830065919,0.0422994606626145,0.0047769882715520936
810,120347.0,0.0030328965408360823,0.0014375098673003897,0.04246886087729648,0.004711376270285093
811,123865.0,0.0028902434101642917,0.0013805352601622735,0.04235256125620635,0.004666370645460784
812,127305.0,0.002827854365500177,0.0013510859746278623,0.04121597737716508,0.004658104552060014
813,130597.0,0.0028561146121273842,0.0013170287219461396,0.04231337626438586,0.004686171964133939
814,133626.0,0.0028362743777408587,0.001332076092975918,0.04126442458802928,0.004729618487420113
815,136384.0,0.0028522407320506803,0.0013124706710464572,0.04169110746128578,0.004795283904270296
816,138796.0,0.0028098792472405544,0.001217614340470907,0.042566068186403065,0.00486325254330096
817,140690.0,0.00285023811216149,0.0012296538488876254,0.042789110811002916,0.004939938872698842
818,142079.0,0.0029279485356738153,0.001288015822183433,0.04389811302162881,0.005060564896993926
819,142937.0,0.002938357458180877,0.0012872804102506698,0.043662592610730605,0.005156117730188824
820,143241.0,0.002918158907016846,0.0012845484183997599,0.045440900300891506,0.005291780984494663
821,142940.0,0.0030992024625717085,0.0013502168742129566,0.04591436966559396,0.005442843150972436
822,142170.0,0.0031722585636913556,0.0013012590560596469,0.046514735879580785,0.005591897024688753
823,140959.0,0.0031498520846487276,0.0013550039373151058,0.04824097787299853,0.005760540298952178
824,139293.0,0.0032880331387794073,0.0013927476614043778,0.050311214490318966,0.005951483563423862
825,137270.0,0.003307350477161798,0.0014059881984410285,0.05132221169957019,0.006170321264660887
826,134942.0,0.00333476604763528,0.0014006017400068178,0.051903780883638895,0.006380519037808836
827,132374.0,0.0032332633296568813,0.0013220118754438182,0.053613247314427306,0.006632722437940985
828,129553.0,0.003334542619622857,0.0013353608175804498,0.054495071515132804,0.0068852130016286775
829,126649.0,0.003592606337199662,0.0014449383729836004,0.05587095042203254,0.007145733483880646
830,123711.0,0.0036536767142776308,0.0015115874901989314,0.058030409583626354,0.007412437050868557
831,120692.0,0.0037533556490902463,0.0015576840221389985,0.06032711364464919,0.007697279024293242
832,117679.0,0.0037644779442381395,0.0015720731821310513,0.06117489101708886,0.007962338225171867
833,114694.0,0.003958358763318046,0.0016565818613005039,0.06292395417371441,0.008256752750797776
834,111748.0,0.003955328059562588,0.0016376132011311165,0.06426960661488348,0.00853706554032287
835,108871.0,0.0038118507224146007,0.0015798513837477382,0.06459938826684793,0.008826960347567305
836,106025.0,0.0038009903324687576,0.0016128271634048574,0.06557887290733318,0.009082763499174723
837,103208.0,0.004205100379815518,0.001695604991861096,0.06828927990078289,0.00938880706921944
838,100349.0,0.004185392978505018,0.0017140180769115785,0.0708726544360183,0.009666264736071111
839,97485.0,0.004308355131558701,0.0018259219367082115,0.0724111401754116,0.009981022721444325
840,94615.0,0.004449611583786926,0.0018813084606034984,0.07486127992390212,0.010283781641388786
841,91742.0,0.004349153059667328,0.0018094220749493143,0.07461141025920516,0.010594929258136949
842,88942.0,0.004362393469901734,0.001742708731532909,0.07521755750938815,0.010928470239032179
843,86132.0,0.004377002739980495,0.001753123113360888,0.07541912413504853,0.011285004411833001
844,83342.0,0.004403542031628711,0.0017878140673369969,0.07910777279162967,0.011638789565885148
845,80538.0,0.004420273659638928,0.001800392361369788,0.08168814721001266,0.012031587573567757
846,77778.0,0.004371416081668338,0.0019028517061379824,0.08237547892720307,0.012419964514387101
847,75077.0,0.0045819625184810265,0.0019313504801736884,0.0855255271254845,0.01280019180308217
848,72441.0,0.004610648665810798,0.0019464115625129415,0.0851451526069491,0.0131969464805842
849,69925.0,0.004562030747229174,0.001801930639971398,0.08433321415802646,0.013557382910260993
850,67468.0,0.004683701903124444,0.0018971957075947115,0.08587774945159186,0.013917709136183079
851,65087.0,0.0050547728425031115,0.0020434188086714705,0.09014088834943998,0.01424247545592822
852,62745.0,0.005275320742688661,0.002199378436528807,0.09297952028050044,0.014519085186070603
853,60470.0,0.005440714403836614,0.0023317347445014056,0.09512154787497933,0.014784190507689764
854,58271.0,0.00561171079954008,0.0024025673147878017,0.09814487480908171,0.014981723327212508
855,56143.0,0.005824412660527582,0.002636125607822881,0.09703792102310173,0.015139910585469249
856,54153.0,0.005890717042453788,0.002825328236662789,0.09240485291673592,0.01525307923845401
857,52214.0,0.00589880108783085,0.002911096640747692,0.09725361014287356,0.015321561267093118
858,50348.0,0.005958528640660999,0.002899817271788353,0.10024231349805354,0.015373003892905378
859,48550.0,0.0060762100926879505,0.002842430484037075,0.1043048403707518,0.015427394438722966
860,46839.0,0.006404918977774931,0.0030530113794060504,0.10672729989965626,0.015499903926215334
861,45221.0,0.006545631454412773,0.0031622476283142786,0.10997103115809027,0.015523761084451915
862,43701.0,0.006246996636232581,0.0028145809020388548,0.1077320885105604,0.01565181574792339
863,42332.0,0.005905697817254087,0.002787489369743929,0.10675139374468487,0.015732778985164887
864,41056.0,0.005991816056118472,0.0027523382696804364,0.10697583787996882,0.01583203429462198
865,39880.0,0.00619358074222668,0.0027833500501504515,0.11163490471414243,0.015947843530591775
866,38815.0,0.0063119927862939585,0.002885482416591524,0.11317789514363004,0.0159989694705655
867,37860.0,0.006101426307448495,0.0027997886951928157,0.11001056524035922,0.01608557844690967
868,37017.0,0.006159332198719507,0.002944593024826431,0.11154334494961775,0.016100710484372047
869,36281.0,0.0059810920316419065,0.0027011383368705385,0.1101127311816102,0.016069016840770653
870,35689.0,0.005631987447112556,0.0024097060718989045,0.10759617809409061,0.01602734736193225
871,35172.0,0.005515751165699989,0.002445126805413397,0.10676105993403844,0.015893324235187082
872,34731.0,0.005729751518816043,0.0026777230716074976,0.10736805735510063,0.01580720393884426
873,34351.0,0.0057058018689412245,0.002823789700445402,0.1082064568717068,0.015545398969462316
874,34028.0,0.0054954743152697775,0.00279181850240978,0.10673562948160338,0.0153109204184789
875,33754.0,0.005628962493334123,0.0027256028915091544,0.1071872963204361,0.015050068140072287
876,33516.0,0.005281059792337988,0.00256593865616422,0.10472610096670247,0.01473922902494331
877,33335.0,0.00527973601319934,0.0026098695065246737,0.10370481475926203,0.0143992800359982
878,33167.0,0.005125576627370579,0.002532637862936051,0.10395875418337504,0.014050110049145234
879,33001.0,0.005090754825611345,0.0026968879730917246,0.10457258870943305,0.013545044089573043
880,32855.0,0.0054786181707502666,0.002617562014914016,0.10521990564602039,0.01311824684218536
881,32721.0,0.005103755997677333,0.0025671587054185386,0.10118883897191407,0.012744109287613459
882,32603.0,0.005214244087967365,0.0025764500199368157,0.10127902340275435,0.012268809618746742
883,32501.0,0.004830620596289345,0.0022768530199070796,0.1002738377280699,0.011876557644380174
884,32430.0,0.004872032069071847,0.0022201665124884367,0.09774899784150477,0.011378353376503237
885,32388.0,0.004631344942571323,0.0021304186735828083,0.09759787575645301,0.010991725330369273
886,32386.0,0.004909528808744519,0.002161427777434694,0.09917865744457481,0.01059099610943
887,32478.0,0.005234312457663649,0.002401625715869204,0.10074511977338506,0.010160724182523555
888,32645.0,0.005146270485526115,0.0024812375555215193,0.10084239546638077,0.00983305253484454
889,32903.0,0.005045132662675136,0.002492173965899766,0.09974774336686625,0.00945202565115643
890,33257.0,0.005021499233244129,0.002435577472411823,0.0976937186156298,0.009201070451333554
891,33716.0,0.004626883378811247,0.0021651441452129553,0.09458417368608375,0.008838533633883023
892,34284.0,0.004491891261229728,0.0021584412553961032,0.09263796523159491,0.008633765021584413
893,34955.0,0.00466313832069804,0.001973966528393649,0.09128879988556715,0.00846803032470319
894,35764.0,0.004669500055922157,0.001957275472542221,0.093529806509339,0.008304440219214853
895,36688.0,0.004579153946794592,0.002180549498473615,0.0927278674225905,0.008095290013083296
896,37715.0,0.004454461089752088,0.002200715895532282,0.09030889566485484,0.007980909452472491
897,38829.0,0.004584202529037575,0.0022921012645187875,0.08496227046794921,0.007854953771665507
898,40025.0,0.0041474078700811995,0.002173641474078701,0.0835477826358526,0.007720174890693317
899,41268.0,0.0040224871571193175,0.002059707279247843,0.08163710380924688,0.007633032858389067
900,42542.0,0.003996050961402849,0.0019510131164496263,0.08072022942033755,0.007521978280287715
901,43862.0,0.004149377593360996,0.0017099083489124983,0.08296475308923441,0.007386804067301992
902,45191.0,0.004160120377951362,0.0018145205903830409,0.0818304529662986,0.007346595561063043
903,46513.0,0.004063380130286157,0.0017844473588029153,0.0798916431965257,0.00724528626405521
904,47829.0,0.004202471304020574,0.0017144410295009305,0.07978423132409208,0.007171381379497794
905,49117.0,0.004071909929352363,0.0016898426206812306,0.0798705132642466,0.007105482826719873
906,50395.0,0.00418692330588352,0.001587459073320766,0.07842047822204584,0.00702450639944439
907,51657.0,0.0040265598079640705,0.0015293183886017385,0.07731769169715624,0.0069496873608610645
908,52917.0,0.004044069013738496,0.001492903981707202,0.07936957877430693,0.006935389383373963
909,54163.0,0.004117201779812787,0.0014770230600225245,0.08016542658272252,0.0069420083821058656
910,55391.0,0.003935657417269953,0.0014623314256828727,0.078334025383185,0.006950587640591432
911,56597.0,0.003763450359559694,0.0016785341979256851,0.08134706786578794,0.006996837288195487
912,57738.0,0.003498562471855624,0.001524126225362846,0.07920260487027607,0.007031764176105858
913,58847.0,0.0032966846228354887,0.0015123965537750437,0.07818580386425816,0.007103165836831104
914,59908.0,0.00340522133938706,0.0014188422247446084,0.0793216264939574,0.007194364692528544
915,60866.0,0.003762363224131699,0.0013800808333059508,0.08091545361942629,0.007311142509775573
916,61724.0,0.003888276845311386,0.0014743049705139006,0.08398677985872594,0.007403927159613764
917,62464.0,0.0038101946721311474,0.0014248206967213115,0.08284772028688525,0.007556352459016393
918,63074.0,0.003741636807559375,0.001426895392713321,0.08274407838412023,0.0076735263341471925
919,63510.0,0.003857660210990395,0.0014958274287513776,0.07997165800661313,0.007825539285151945
920,63802.0,0.003902698974953763,0.0014576345569104418,0.07963700197485972,0.007946459358640795
921,63932.0,0.003910404805105424,0.0014077457298379528,0.08247825814928361,0.008086717136958018
922,63871.0,0.00403939189929702,0.0015499992171721126,0.08371561428504329,0.008235349376086174
923,63636.0,0.0043371676409579485,0.0017914388082217612,0.08666478094160537,0.008391476522722987
924,63232.0,0.004317434210526316,0.0018028846153846155,0.08691801619433198,0.008492535425101215
925,62673.0,0.004515501092974646,0.0018349209388412873,0.0873103250203437,0.008632106329679447
926,61955.0,0.004600112985231216,0.0018400451940924864,0.08575579049309984,0.008780566540230813
927,61141.0,0.004661356536530315,0.0017500531558201533,0.08639047447702851,0.008913822148803586
928,60254.0,0.004995518969694958,0.0017924121220167955,0.08746307299100475,0.00904504265276994
929,59309.0,0.004906506601021768,0.0017703889797501223,0.09084624593232056,0.00923974438955302
930,58340.0,0.005125128556736373,0.0018512170037709977,0.09365786767226603,0.009427494000685635
931,57370.0,0.005229213874847481,0.0019348091336935682,0.09613038173261286,0.009656614955551682
932,56417.0,0.004874417285569952,0.0020383926830565254,0.09334065973022317,0.009926086108796995
933,55491.0,0.004757528247823972,0.0020543871979239875,0.09399722477518876,0.010163810347623939
934,54620.0,0.004833394361039912,0.0020505309410472354,0.09421457341633102,0.010417429512998901
935,53812.0,0.004943135360142719,0.0021556530141975767,0.09683713669813425,0.010666765777150079
936,53056.0,0.005164354644149578,0.0020167370325693606,0.09744420989143547,0.010894149577804584
937,52369.0,0.0050029597662739405,0.0021386698237506924,0.10175867402470927,0.011132540243273693
938,51749.0,0.005062899766179057,0.0021836170747260818,0.10311310363485285,0.011285242226902935
939,51189.0,0.005118287132001016,0.0022661118599699155,0.10148664752192854,0.011447771982261814
940,50705.0,0.005265752884330933,0.0024652401143871413,0.10066068435065575,0.011576767577162016
941,50259.0,0.005173202809447064,0.002566704470841043,0.10209116775104957,0.011699397122903361
942,49847.0,0.005155776676630489,0.0025277348686982165,0.1040182959857163,0.011755973278231389
943,49440.0,0.005016181229773463,0.002406957928802589,0.10489482200647249,0.011852750809061488
944,49046.0,0.00499531052481344,0.002344737593279778,0.10755209395261592,0.01192757819190148
945,48655.0,0.005097112321446922,0.0023635803103483712,0.1082725310862193,0.012002877402116946
946,48266.0,0.005096755480048067,0.0024240666307545683,0.10885509468362822,0.01214105167198442
947,47884.0,0.00511653161807702,0.0024016372901177847,0.10853312171080111,0.01223790827833932
948,47488.0,0.0052223719676549865,0.0025058962264150942,0.10914336253369272,0.012382075471698114
949,47078.0,0.005374060070521262,0.0024639959216619226,0.11164450486426782,0.012511151705679936
950,46631.0,0.005468465184104995,0.0022946108811734683,0.11194269906285519,0.01267397225021981
951,46166.0,0.005675172204652775,0.002339383962223281,0.11553957457869428,0.012823289867001689
952,45682.0,0.00575719101615516,0.0023641696948469857,0.11689505713410096,0.012959152401383477
953,45176.0,0.005511776164335045,0.0024570568443421288,0.11554807862581902,0.01308216752257836
954,44659.0,0.0055755838688730155,0.002395933630399248,0.11540786851474506,0.013188830918739784
955,44120.0,0.005915684496826836,0.0023798730734360834,0.11570716228467814,0.013349954669084315
956,43569.0,0.005967545732057196,0.002295209896945076,0.1186623516720604,0.013426977897128692
957,42986.0,0.006327641557716466,0.0024426557483831946,0.11941097101381845,0.01346950169822733
958,42391.0,0.005850298412398858,0.00254771059894789,0.11962444858578472,0.013564199948102191
959,41781.0,0.005839975108302817,0.0025849070151504274,0.12132308944256959,0.013666499126397166
960,41161.0,0.0054177498117149725,0.002380894536089988,0.1194091494375744,0.013726585845824932
961,40543.0,0.005229016106356214,0.0024418518609871003,0.11750487137113681,0.013763165034654565
962,39921.0,0.005285438741514491,0.0023546504346083517,0.11931063851105934,0.013802259462438316
963,39301.0,0.00526704155110557,0.002442685936744612,0.1225668558051958,0.013841886974886135
964,38701.0,0.005684607632877704,0.0024547169323790082,0.12198651197643472,0.013823932198134416
965,38118.0,0.005719082847998321,0.0024660265491368905,0.12681672700561414,0.013904192245133533
966,37568.0,0.00582942930153322,0.002528747870528109,0.12875319420783646,0.013894804088586031
967,37054.0,0.0057753548874615425,0.002401899929832137,0.12835321422788362,0.013925622065094187
968,36597.0,0.005738175260267235,0.002295270104106894,0.127032270404678,0.013935568489220429
969,36195.0,0.005857162591518165,0.0024312750379886726,0.12719988948749827,0.01386931896670811
970,35854.0,0.005884977966196241,0.0025380710659898475,0.12919060634796675,0.013889663635856529
971,35589.0,0.005984995363735986,0.0025850684200174213,0.13183848942088847,0.013796397763353846
972,35399.0,0.006356111754569338,0.0027119410152829176,0.13234837142292155,0.013700952004293906
973,35286.0,0.006348126735815905,0.0027206257439211018,0.13294224338264468,0.013546449016607153
974,35248.0,0.006468452110758057,0.002638447571493418,0.1317521561507036,0.013419201089423514
975,35293.0,0.00640353611197688,0.0027767545972289124,0.12906242030997647,0.01334542260504916
976,35390.0,0.006216445323537723,0.0027126306866346425,0.12715456343599887,0.013224074597343883
977,35531.0,0.006360642818946835,0.0027862992879457375,0.12780388956122823,0.013059018884917397
978,35723.0,0.006382442683985108,0.002715337457660331,0.12972034823503065,0.012848864876970019
979,35948.0,0.006370312673862246,0.002670524090352732,0.13002114164904863,0.012657171469900969
980,36197.0,0.006326491145675056,0.0026521534933834296,0.12909909661021632,0.012376716302456004
981,36472.0,0.005922351392849309,0.0024402281202017986,0.12861921474007457,0.012118885720552752
982,36769.0,0.005711332916315375,0.002121352226059996,0.12815143191275258,0.01191220865402921
983,37079.0,0.005825399822001672,0.002400280482213652,0.12721486555732356,0.011731707974864478
984,37401.0,0.00577524665115906,0.0025400390363894015,0.12633352049410443,0.011523756049303495
985,37721.0,0.006017868031070226,0.0027570849129132315,0.1276212189496567,0.011372975265767079
986,38048.0,0.006097560975609756,0.002496846089150547,0.13259566862910008,0.011248948696383515
987,38372.0,0.005993953924736787,0.0023715209006567287,0.13108516626706973,0.011127905764620036
988,38693.0,0.006461116997906598,0.002584446799162639,0.1339518776005996,0.010983898896441217
989,38991.0,0.006334795209150829,0.00251340052832705,0.13151752968633787,0.010976892103305892
990,39272.0,0.006136687716439194,0.0025463434508046444,0.12935424730087594,0.011025667141984111
991,39522.0,0.00594605536157077,0.002176003238702495,0.12937098324983554,0.01105713273619756
992,39757.0,0.005961214377342355,0.0023392107050330757,0.13391352466232362,0.011117539049727091
993,39957.0,0.0059063493255249394,0.00222739444903271,0.13557073854393473,0.011287133668693846
994,40129.0,0.006055471105684169,0.002267686710359092,0.13511425652271425,0.011463031722694311
995,40279.0,0.005908786216142407,0.0022592417885250377,0.13768961493582263,0.011618957769557337
996,40409.0,0.0059392709544903366,0.0024994431933480165,0.12630849563216115,0.01190328887129105
997,40531.0,0.00587204855542671,0.002467247292196097,0.13488440946436062,0.012138856677604797
998,40665.0,0.005655969506947006,0.0026066642075494896,0.1351530800442641,0.012418541743514078
999,40815.0,0.006100698272693862,0.0025480828126914126,0.13842949895871615,0.012740414063457063
1000,40987.0,0.006367872740137117,0.0025373899041159394,0.1452899699904848,0.012979725278746919
1001,41186.0,0.006361384936628952,0.0025979701840431212,0.14526780944981305,0.013232651871995339
1002,41412.0,0.006568144499178982,0.0024872017772626293,0.14705882352941177,0.013474355259345117
1003,41649.0,0.006458738505126174,0.002593099474177051,0.1443492040625225,0.013709812960695334
1004,41900.0,0.006467780429594272,0.0026252983293556086,0.14295942720763724,0.013890214797136037
1005,42153.0,0.0068085308281735585,0.0025383721206082605,0.1465850591891443,0.014044077527103646
1006,42390.0,0.00686482661004954,0.002665723047888653,0.14706298655343242,0.014225053078556264
1007,42613.0,0.006711566892732264,0.002792575035787201,0.14394668293713186,0.014361814469762748
1008,42810.0,0.006657323055360897,0.002826442419995328,0.14370474188273769,0.014482597523943003
1009,42977.0,0.006515112734718571,0.0028154594317890964,0.1489401307676199,0.014542662354282523
1010,43113.0,0.0063321967851924016,0.002597824322130216,0.14895739104214506,0.014612761811982464
1011,43215.0,0.006571792201781789,0.0026379729260673375,0.14647691773689692,0.014624551660303136
1012,43289.0,0.0061909492018757655,0.0026334634664695418,0.14805146804037977,0.0146457529626464
1013,43340.0,0.00639132441162898,0.002722658052607291,0.14820027688047993,0.014674665436086755
1014,43368.0,0.006341080981368751,0.0025364323925475005,0.147320605054418,0.01466519092418373
1015,43385.0,0.006338596289039991,0.002535438515615996,0.14726287887518727,0.014682493949521725
1016,43392.0,0.005738384955752213,0.0025811209439528023,0.14691648230088494,0.014680125368731563
1017,43389.0,0.005830970983428979,0.002489110143123833,0.14505980778538338,0.014635045748922538
1018,43387.0,0.005739046258095743,0.0024661765044829095,0.14515868808629312,0.014658768755618043
