,POR,POW,Total_worker
0,3501,3520,36
1,3501,3507,891
2,3501,3506,5251
3,3501,3502,1226
4,3501,3501,31021
5,3501,3510,21
6,3501,3509,56
7,3501,3547,1
8,3501,3557,1
9,3501,3553,1
10,3501,3548,1
11,3501,3544,1
12,3501,3543,1
13,3501,3539,1
14,3501,3530,1
15,3501,3525,1
16,3501,3523,1
17,3501,3521,1
18,3501,3519,1
19,3501,3518,1
20,3501,3515,1
21,3501,3512,1
22,3501,3511,1
23,3501,3513,1
24,3501,3514,1
25,3501,3516,1
26,3501,3546,1
27,3501,3524,1
28,3501,3541,1
29,3501,3556,1
30,3501,3529,1
31,3501,3526,1
32,3501,3522,1
33,3501,3560,1
34,3501,3549,1
35,3501,3542,1
36,3501,3537,1
37,3501,3536,1
38,3501,3532,1
39,3501,3531,1
40,3501,3528,1
41,3501,3540,1
42,3501,3538,1
43,3501,3534,1
44,3501,3554,1
45,3501,3552,1
46,3501,3551,1
47,3501,3558,1
48,3501,3559,1
49,3502,3520,1
50,3502,3507,21
51,3502,3506,16621
52,3502,3502,16556
53,3502,3501,836
54,3502,3510,1
55,3502,3509,1
56,3502,3547,21
57,3502,3557,1
58,3502,3553,1
59,3502,3548,1
60,3502,3544,1
61,3502,3543,1
62,3502,3539,1
63,3502,3530,1
64,3502,3525,1
65,3502,3523,1
66,3502,3521,1
67,3502,3519,1
68,3502,3518,1
69,3502,3515,1
70,3502,3512,1
71,3502,3511,1
72,3502,3513,1
73,3502,3514,1
74,3502,3516,1
75,3502,3546,1
76,3502,3524,1
77,3502,3541,1
78,3502,3556,1
79,3502,3529,1
80,3502,3526,1
81,3502,3522,1
82,3502,3560,1
83,3502,3549,1
84,3502,3542,1
85,3502,3537,1
86,3502,3536,1
87,3502,3532,1
88,3502,3531,1
89,3502,3528,1
90,3502,3540,1
91,3502,3538,1
92,3502,3534,1
93,3502,3554,1
94,3502,3552,1
95,3502,3551,1
96,3502,3558,1
97,3502,3559,1
98,3506,3520,1061
99,3506,3507,911
100,3506,3506,370516
101,3506,3502,1601
102,3506,3501,651
103,3506,3510,476
104,3506,3509,1476
105,3506,3547,1061
106,3506,3557,26
107,3506,3553,51
108,3506,3548,46
109,3506,3544,21
110,3506,3543,41
111,3506,3539,81
112,3506,3530,86
113,3506,3525,71
114,3506,3523,81
115,3506,3521,241
116,3506,3519,121
117,3506,3518,26
118,3506,3515,61
119,3506,3512,66
120,3506,3511,1
121,3506,3513,1
122,3506,3514,1
123,3506,3516,1
124,3506,3546,1
125,3506,3524,1
126,3506,3541,1
127,3506,3556,1
128,3506,3529,1
129,3506,3526,1
130,3506,3522,1
131,3506,3560,1
132,3506,3549,1
133,3506,3542,1
134,3506,3537,1
135,3506,3536,1
136,3506,3532,1
137,3506,3531,1
138,3506,3528,1
139,3506,3540,1
140,3506,3538,1
141,3506,3534,1
142,3506,3554,1
143,3506,3552,1
144,3506,3551,1
145,3506,3558,1
146,3506,3559,1
147,3507,3520,96
148,3507,3507,24101
149,3507,3506,5741
150,3507,3502,1
151,3507,3501,576
152,3507,3510,2751
153,3507,3509,2111
154,3507,3547,1
155,3507,3557,1
156,3507,3553,1
157,3507,3548,1
158,3507,3544,1
159,3507,3543,1
160,3507,3539,1
161,3507,3530,1
162,3507,3525,1
163,3507,3523,1
164,3507,3521,1
165,3507,3519,1
166,3507,3518,1
167,3507,3515,1
168,3507,3512,1
169,3507,3511,1
170,3507,3513,1
171,3507,3514,1
172,3507,3516,1
173,3507,3546,1
174,3507,3524,1
175,3507,3541,1
176,3507,3556,1
177,3507,3529,1
178,3507,3526,1
179,3507,3522,1
180,3507,3560,1
181,3507,3549,1
182,3507,3542,1
183,3507,3537,1
184,3507,3536,1
185,3507,3532,1
186,3507,3531,1
187,3507,3528,1
188,3507,3540,1
189,3507,3538,1
190,3507,3534,1
191,3507,3554,1
192,3507,3552,1
193,3507,3551,1
194,3507,3558,1
195,3507,3559,1
196,3509,3520,1
197,3509,3507,456
198,3509,3506,9226
199,3509,3502,1
200,3509,3501,1
201,3509,3510,156
202,3509,3509,13716
203,3509,3547,251
204,3509,3557,1
205,3509,3553,1
206,3509,3548,1
207,3509,3544,1
208,3509,3543,1
209,3509,3539,1
210,3509,3530,1
211,3509,3525,1
212,3509,3523,1
213,3509,3521,1
214,3509,3519,1
215,3509,3518,1
216,3509,3515,1
217,3509,3512,1
218,3509,3511,1
219,3509,3513,1
220,3509,3514,1
221,3509,3516,1
222,3509,3546,1
223,3509,3524,1
224,3509,3541,1
225,3509,3556,1
226,3509,3529,1
227,3509,3526,1
228,3509,3522,1
229,3509,3560,1
230,3509,3549,1
231,3509,3542,1
232,3509,3537,1
233,3509,3536,1
234,3509,3532,1
235,3509,3531,1
236,3509,3528,1
237,3509,3540,1
238,3509,3538,1
239,3509,3534,1
240,3509,3554,1
241,3509,3552,1
242,3509,3551,1
243,3509,3558,1
244,3509,3559,1
245,3510,3520,291
246,3510,3507,866
247,3510,3506,376
248,3510,3502,1
249,3510,3501,31
250,3510,3510,53466
251,3510,3509,151
252,3510,3547,1
253,3510,3557,1
254,3510,3553,1
255,3510,3548,1
256,3510,3544,1
257,3510,3543,1
258,3510,3539,1
259,3510,3530,21
260,3510,3525,31
261,3510,3523,1
262,3510,3521,31
263,3510,3519,21
264,3510,3518,1
265,3510,3515,1
266,3510,3512,366
267,3510,3511,2446
268,3510,3513,46
269,3510,3514,1
270,3510,3516,1
271,3510,3546,1
272,3510,3524,1
273,3510,3541,1
274,3510,3556,1
275,3510,3529,1
276,3510,3526,1
277,3510,3522,1
278,3510,3560,1
279,3510,3549,1
280,3510,3542,1
281,3510,3537,1
282,3510,3536,1
283,3510,3532,1
284,3510,3531,1
285,3510,3528,1
286,3510,3540,1
287,3510,3538,1
288,3510,3534,1
289,3510,3554,1
290,3510,3552,1
291,3510,3551,1
292,3510,3558,1
293,3510,3559,1
294,3511,3520,86
295,3511,3507,1
296,3511,3506,61
297,3511,3502,1
298,3511,3501,1
299,3511,3510,7721
300,3511,3509,1
301,3511,3547,1
302,3511,3557,1
303,3511,3553,1
304,3511,3548,1
305,3511,3544,1
306,3511,3543,1
307,3511,3539,1
308,3511,3530,1
309,3511,3525,1
310,3511,3523,1
311,3511,3521,1
312,3511,3519,1
313,3511,3518,1
314,3511,3515,1
315,3511,3512,936
316,3511,3511,6291
317,3511,3513,141
318,3511,3514,1
319,3511,3516,1
320,3511,3546,1
321,3511,3524,1
322,3511,3541,1
323,3511,3556,1
324,3511,3529,1
325,3511,3526,1
326,3511,3522,1
327,3511,3560,1
328,3511,3549,1
329,3511,3542,1
330,3511,3537,1
331,3511,3536,1
332,3511,3532,1
333,3511,3531,1
334,3511,3528,1
335,3511,3540,1
336,3511,3538,1
337,3511,3534,1
338,3511,3554,1
339,3511,3552,1
340,3511,3551,1
341,3511,3558,1
342,3511,3559,1
343,3512,3520,346
344,3512,3507,1
345,3512,3506,81
346,3512,3502,1
347,3512,3501,1
348,3512,3510,866
349,3512,3509,1
350,3512,3547,56
351,3512,3557,1
352,3512,3553,1
353,3512,3548,31
354,3512,3544,1
355,3512,3543,1
356,3512,3539,1
357,3512,3530,1
358,3512,3525,1
359,3512,3523,1
360,3512,3521,46
361,3512,3519,1
362,3512,3518,181
363,3512,3515,216
364,3512,3512,42121
365,3512,3511,1236
366,3512,3513,1061
367,3512,3514,1311
368,3512,3516,1
369,3512,3546,1
370,3512,3524,1
371,3512,3541,1
372,3512,3556,1
373,3512,3529,1
374,3512,3526,1
375,3512,3522,1
376,3512,3560,1
377,3512,3549,1
378,3512,3542,1
379,3512,3537,1
380,3512,3536,1
381,3512,3532,1
382,3512,3531,1
383,3512,3528,1
384,3512,3540,1
385,3512,3538,1
386,3512,3534,1
387,3512,3554,1
388,3512,3552,1
389,3512,3551,1
390,3512,3558,1
391,3512,3559,1
392,3513,3520,186
393,3513,3507,1
394,3513,3506,41
395,3513,3502,1
396,3513,3501,1
397,3513,3510,171
398,3513,3509,1
399,3513,3547,1
400,3513,3557,1
401,3513,3553,1
402,3513,3548,1
403,3513,3544,1
404,3513,3543,1
405,3513,3539,1
406,3513,3530,1
407,3513,3525,1
408,3513,3523,1
409,3513,3521,1
410,3513,3519,1
411,3513,3518,26
412,3513,3515,1
413,3513,3512,2941
414,3513,3511,731
415,3513,3513,3541
416,3513,3514,106
417,3513,3516,1
418,3513,3546,1
419,3513,3524,1
420,3513,3541,1
421,3513,3556,1
422,3513,3529,1
423,3513,3526,1
424,3513,3522,1
425,3513,3560,1
426,3513,3549,1
427,3513,3542,1
428,3513,3537,1
429,3513,3536,1
430,3513,3532,1
431,3513,3531,1
432,3513,3528,1
433,3513,3540,1
434,3513,3538,1
435,3513,3534,1
436,3513,3554,1
437,3513,3552,1
438,3513,3551,1
439,3513,3558,1
440,3513,3559,1
441,3514,3520,1381
442,3514,3507,1
443,3514,3506,41
444,3514,3502,1
445,3514,3501,1
446,3514,3510,31
447,3514,3509,1
448,3514,3547,1
449,3514,3557,1
450,3514,3553,1
451,3514,3548,1
452,3514,3544,1
453,3514,3543,1
454,3514,3539,1
455,3514,3530,1
456,3514,3525,1
457,3514,3523,1
458,3514,3521,76
459,3514,3519,111
460,3514,3518,3741
461,3514,3515,1756
462,3514,3512,2591
463,3514,3511,31
464,3514,3513,46
465,3514,3514,18021
466,3514,3516,51
467,3514,3546,1
468,3514,3524,1
469,3514,3541,1
470,3514,3556,1
471,3514,3529,1
472,3514,3526,1
473,3514,3522,1
474,3514,3560,1
475,3514,3549,1
476,3514,3542,1
477,3514,3537,1
478,3514,3536,1
479,3514,3532,1
480,3514,3531,1
481,3514,3528,1
482,3514,3540,1
483,3514,3538,1
484,3514,3534,1
485,3514,3554,1
486,3514,3552,1
487,3514,3551,1
488,3514,3558,1
489,3514,3559,1
490,3515,3520,896
491,3515,3507,1
492,3515,3506,106
493,3515,3502,1
494,3515,3501,1
495,3515,3510,31
496,3515,3509,1
497,3515,3547,1
498,3515,3557,1
499,3515,3553,1
500,3515,3548,1
501,3515,3544,1
502,3515,3543,1
503,3515,3539,1
504,3515,3530,1
505,3515,3525,1
506,3515,3523,21
507,3515,3521,161
508,3515,3519,211
509,3515,3518,2071
510,3515,3515,41046
511,3515,3512,161
512,3515,3511,1
513,3515,3513,1
514,3515,3514,1056
515,3515,3516,1931
516,3515,3546,1
517,3515,3524,1
518,3515,3541,1
519,3515,3556,1
520,3515,3529,1
521,3515,3526,1
522,3515,3522,1
523,3515,3560,1
524,3515,3549,1
525,3515,3542,1
526,3515,3537,1
527,3515,3536,1
528,3515,3532,1
529,3515,3531,1
530,3515,3528,1
531,3515,3540,1
532,3515,3538,1
533,3515,3534,1
534,3515,3554,1
535,3515,3552,1
536,3515,3551,1
537,3515,3558,1
538,3515,3559,1
539,3516,3520,996
540,3516,3507,1
541,3516,3506,46
542,3516,3502,1
543,3516,3501,1
544,3516,3510,1
545,3516,3509,1
546,3516,3547,1
547,3516,3557,1
548,3516,3553,1
549,3516,3548,1
550,3516,3544,1
551,3516,3543,606
552,3516,3539,1
553,3516,3530,21
554,3516,3525,31
555,3516,3523,21
556,3516,3521,176
557,3516,3519,1186
558,3516,3518,4651
559,3516,3515,2881
560,3516,3512,21
561,3516,3511,1
562,3516,3513,1
563,3516,3514,96
564,3516,3516,13716
565,3516,3546,216
566,3516,3524,26
567,3516,3541,1
568,3516,3556,1
569,3516,3529,1
570,3516,3526,1
571,3516,3522,1
572,3516,3560,1
573,3516,3549,1
574,3516,3542,1
575,3516,3537,1
576,3516,3536,1
577,3516,3532,1
578,3516,3531,1
579,3516,3528,1
580,3516,3540,1
581,3516,3538,1
582,3516,3534,1
583,3516,3554,1
584,3516,3552,1
585,3516,3551,1
586,3516,3558,1
587,3516,3559,1
588,3518,3520,79891
589,3518,3507,1
590,3518,3506,326
591,3518,3502,1
592,3518,3501,1
593,3518,3510,121
594,3518,3509,1
595,3518,3547,1
596,3518,3557,1
597,3518,3553,1
598,3518,3548,1
599,3518,3544,1
600,3518,3543,226
601,3518,3539,86
602,3518,3530,71
603,3518,3525,171
604,3518,3523,71
605,3518,3521,6386
606,3518,3519,24056
607,3518,3518,144351
608,3518,3515,1141
609,3518,3512,106
610,3518,3511,1
611,3518,3513,1
612,3518,3514,1171
613,3518,3516,891
614,3518,3546,1
615,3518,3524,351
616,3518,3541,21
617,3518,3556,31
618,3518,3529,1
619,3518,3526,1
620,3518,3522,1
621,3518,3560,1
622,3518,3549,1
623,3518,3542,1
624,3518,3537,1
625,3518,3536,1
626,3518,3532,1
627,3518,3531,1
628,3518,3528,1
629,3518,3540,1
630,3518,3538,1
631,3518,3534,1
632,3518,3554,1
633,3518,3552,1
634,3518,3551,1
635,3518,3558,1
636,3518,3559,1
637,3519,3520,165856
638,3519,3507,1
639,3519,3506,396
640,3519,3502,1
641,3519,3501,1
642,3519,3510,181
643,3519,3509,1
644,3519,3547,1
645,3519,3557,1
646,3519,3553,36
647,3519,3548,1
648,3519,3544,1
649,3519,3543,3501
650,3519,3539,301
651,3519,3530,556
652,3519,3525,461
653,3519,3523,286
654,3519,3521,28256
655,3519,3519,236581
656,3519,3518,5436
657,3519,3515,61
658,3519,3512,1
659,3519,3511,1
660,3519,3513,1
661,3519,3514,1
662,3519,3516,86
663,3519,3546,1
664,3519,3524,1706
665,3519,3541,1
666,3519,3556,1
667,3519,3529,21
668,3519,3526,96
669,3519,3522,96
670,3519,3560,1
671,3519,3549,1
672,3519,3542,1
673,3519,3537,1
674,3519,3536,1
675,3519,3532,1
676,3519,3531,1
677,3519,3528,1
678,3519,3540,1
679,3519,3538,1
680,3519,3534,1
681,3519,3554,1
682,3519,3552,1
683,3519,3551,1
684,3519,3558,1
685,3519,3559,1
686,3520,3520,884036
687,3520,3507,1
688,3520,3506,746
689,3520,3502,1
690,3520,3501,1
691,3520,3510,386
692,3520,3509,1
693,3520,3547,56
694,3520,3557,31
695,3520,3553,121
696,3520,3548,31
697,3520,3544,136
698,3520,3543,1391
699,3520,3539,521
700,3520,3530,1521
701,3520,3525,1676
702,3520,3523,746
703,3520,3521,78471
704,3520,3519,101221
705,3520,3518,10776
706,3520,3515,186
707,3520,3512,106
708,3520,3511,21
709,3520,3513,31
710,3520,3514,151
711,3520,3516,91
712,3520,3546,1
713,3520,3524,7561
714,3520,3541,81
715,3520,3556,1
716,3520,3529,111
717,3520,3526,601
718,3520,3522,121
719,3520,3560,21
720,3520,3549,31
721,3520,3542,111
722,3520,3537,121
723,3520,3536,31
724,3520,3532,61
725,3520,3531,51
726,3520,3528,101
727,3520,3540,1
728,3520,3538,1
729,3520,3534,1
730,3520,3554,1
731,3520,3552,1
732,3520,3551,1
733,3520,3558,1
734,3520,3559,1
735,3521,3520,130286
736,3521,3507,1
737,3521,3506,506
738,3521,3502,1
739,3521,3501,1
740,3521,3510,141
741,3521,3509,1
742,3521,3547,26
743,3521,3557,21
744,3521,3553,66
745,3521,3548,21
746,3521,3544,21
747,3521,3543,881
748,3521,3539,436
749,3521,3530,2166
750,3521,3525,2671
751,3521,3523,1586
752,3521,3521,356931
753,3521,3519,32826
754,3521,3518,931
755,3521,3515,71
756,3521,3512,46
757,3521,3511,1
758,3521,3513,1
759,3521,3514,1
760,3521,3516,21
761,3521,3546,1
762,3521,3524,30416
763,3521,3541,41
764,3521,3556,1
765,3521,3529,206
766,3521,3526,501
767,3521,3522,1191
768,3521,3560,1
769,3521,3549,1
770,3521,3542,1
771,3521,3537,81
772,3521,3536,1
773,3521,3532,86
774,3521,3531,1
775,3521,3528,76
776,3521,3540,1
777,3521,3538,1
778,3521,3534,1
779,3521,3554,1
780,3521,3552,1
781,3521,3551,1
782,3521,3558,1
783,3521,3559,1
784,3522,3520,1671
785,3522,3507,1
786,3522,3506,1
787,3522,3502,1
788,3522,3501,1
789,3522,3510,1
790,3522,3509,1
791,3522,3547,1
792,3522,3557,1
793,3522,3553,1
794,3522,3548,1
795,3522,3544,1
796,3522,3543,1126
797,3522,3539,36
798,3522,3530,96
799,3522,3525,1
800,3522,3523,736
801,3522,3521,7811
802,3522,3519,916
803,3522,3518,21
804,3522,3515,1
805,3522,3512,1
806,3522,3511,1
807,3522,3513,1
808,3522,3514,1
809,3522,3516,1
810,3522,3546,1
811,3522,3524,321
812,3522,3541,1
813,3522,3556,1
814,3522,3529,1
815,3522,3526,1
816,3522,3522,11766
817,3522,3560,1
818,3522,3549,1
819,3522,3542,71
820,3522,3537,1
821,3522,3536,1
822,3522,3532,1
823,3522,3531,1
824,3522,3528,1
825,3522,3540,1
826,3522,3538,1
827,3522,3534,1
828,3522,3554,1
829,3522,3552,1
830,3522,3551,1
831,3522,3558,1
832,3522,3559,1
833,3523,3520,2286
834,3523,3507,1
835,3523,3506,71
836,3523,3502,1
837,3523,3501,1
838,3523,3510,21
839,3523,3509,1
840,3523,3547,1
841,3523,3557,1
842,3523,3553,1
843,3523,3548,1
844,3523,3544,41
845,3523,3543,41
846,3523,3539,101
847,3523,3530,10756
848,3523,3525,971
849,3523,3523,67721
850,3523,3521,5741
851,3523,3519,386
852,3523,3518,1
853,3523,3515,1
854,3523,3512,1
855,3523,3511,1
856,3523,3513,1
857,3523,3514,1
858,3523,3516,1
859,3523,3546,1
860,3523,3524,4456
861,3523,3541,66
862,3523,3556,1
863,3523,3529,91
864,3523,3526,21
865,3523,3522,801
866,3523,3560,1
867,3523,3549,1
868,3523,3542,226
869,3523,3537,1
870,3523,3536,1
871,3523,3532,41
872,3523,3531,811
873,3523,3528,1
874,3523,3540,66
875,3523,3538,1
876,3523,3534,1
877,3523,3554,1
878,3523,3552,1
879,3523,3551,1
880,3523,3558,1
881,3523,3559,1
882,3524,3520,38151
883,3524,3507,1
884,3524,3506,291
885,3524,3502,1
886,3524,3501,1
887,3524,3510,31
888,3524,3509,1
889,3524,3547,1
890,3524,3557,1
891,3524,3553,1
892,3524,3548,1
893,3524,3544,1
894,3524,3543,46
895,3524,3539,251
896,3524,3530,2366
897,3524,3525,11826
898,3524,3523,2176
899,3524,3521,55051
900,3524,3519,4121
901,3524,3518,156
902,3524,3515,1
903,3524,3512,1
904,3524,3511,1
905,3524,3513,1
906,3524,3514,1
907,3524,3516,1
908,3524,3546,1
909,3524,3524,112536
910,3524,3541,1
911,3524,3556,1
912,3524,3529,536
913,3524,3526,1011
914,3524,3522,61
915,3524,3560,1
916,3524,3549,1
917,3524,3542,1
918,3524,3537,1
919,3524,3536,1
920,3524,3532,61
921,3524,3531,21
922,3524,3528,86
923,3524,3540,1
924,3524,3538,1
925,3524,3534,1
926,3524,3554,1
927,3524,3552,1
928,3524,3551,1
929,3524,3558,1
930,3524,3559,1
931,3525,3520,8121
932,3525,3507,1
933,3525,3506,191
934,3525,3502,1
935,3525,3501,1
936,3525,3510,56
937,3525,3509,1
938,3525,3547,1
939,3525,3557,1
940,3525,3553,1
941,3525,3548,1
942,3525,3544,1
943,3525,3543,21
944,3525,3539,236
945,3525,3530,3226
946,3525,3525,142616
947,3525,3523,1821
948,3525,3521,9791
949,3525,3519,961
950,3525,3518,131
951,3525,3515,21
952,3525,3512,1
953,3525,3511,1
954,3525,3513,1
955,3525,3514,1
956,3525,3516,1
957,3525,3546,1
958,3525,3524,35701
959,3525,3541,21
960,3525,3556,1
961,3525,3529,3036
962,3525,3526,4351
963,3525,3522,31
964,3525,3560,1
965,3525,3549,1
966,3525,3542,1
967,3525,3537,21
968,3525,3536,1
969,3525,3532,241
970,3525,3531,21
971,3525,3528,1456
972,3525,3540,1
973,3525,3538,26
974,3525,3534,1
975,3525,3554,1
976,3525,3552,1
977,3525,3551,1
978,3525,3558,1
979,3525,3559,1
980,3526,3520,2401
981,3526,3507,1
982,3526,3506,91
983,3526,3502,1
984,3526,3501,1
985,3526,3510,1
986,3526,3509,1
987,3526,3547,1
988,3526,3557,1
989,3526,3553,1
990,3526,3548,1
991,3526,3544,1
992,3526,3543,1
993,3526,3539,91
994,3526,3530,286
995,3526,3525,11841
996,3526,3523,126
997,3526,3521,2466
998,3526,3519,271
999,3526,3518,1
1000,3526,3515,1
1001,3526,3512,1
1002,3526,3511,1
1003,3526,3513,1
1004,3526,3514,1
1005,3526,3516,1
1006,3526,3546,1
1007,3526,3524,6051
1008,3526,3541,1
1009,3526,3556,1
1010,3526,3529,166
1011,3526,3526,144321
1012,3526,3522,1
1013,3526,3560,1
1014,3526,3549,1
1015,3526,3542,1
1016,3526,3537,1
1017,3526,3536,1
1018,3526,3532,1
1019,3526,3531,1
1020,3526,3528,931
1021,3526,3540,1
1022,3526,3538,1
1023,3526,3534,1
1024,3526,3554,1
1025,3526,3552,1
1026,3526,3551,1
1027,3526,3558,1
1028,3526,3559,1
1029,3528,3520,381
1030,3528,3507,1
1031,3528,3506,21
1032,3528,3502,1
1033,3528,3501,1
1034,3528,3510,1
1035,3528,3509,1
1036,3528,3547,1
1037,3528,3557,1
1038,3528,3553,1
1039,3528,3548,1
1040,3528,3544,1
1041,3528,3543,1
1042,3528,3539,151
1043,3528,3530,476
1044,3528,3525,6316
1045,3528,3523,61
1046,3528,3521,336
1047,3528,3519,26
1048,3528,3518,1
1049,3528,3515,1
1050,3528,3512,1
1051,3528,3511,1
1052,3528,3513,1
1053,3528,3514,1
1054,3528,3516,1
1055,3528,3546,1
1056,3528,3524,1106
1057,3528,3541,21
1058,3528,3556,1
1059,3528,3529,3076
1060,3528,3526,1096
1061,3528,3522,1
1062,3528,3560,1
1063,3528,3549,1
1064,3528,3542,1
1065,3528,3537,1
1066,3528,3536,1
1067,3528,3532,2756
1068,3528,3531,1
1069,3528,3528,23526
1070,3528,3540,1
1071,3528,3538,1
1072,3528,3534,421
1073,3528,3554,1
1074,3528,3552,1
1075,3528,3551,1
1076,3528,3558,1
1077,3528,3559,1
1078,3529,3520,681
1079,3529,3507,1
1080,3529,3506,41
1081,3529,3502,1
1082,3529,3501,1
1083,3529,3510,1
1084,3529,3509,1
1085,3529,3547,1
1086,3529,3557,1
1087,3529,3553,1
1088,3529,3548,1
1089,3529,3544,1
1090,3529,3543,1
1091,3529,3539,321
1092,3529,3530,4721
1093,3529,3525,5211
1094,3529,3523,546
1095,3529,3521,856
1096,3529,3519,101
1097,3529,3518,1
1098,3529,3515,1
1099,3529,3512,1
1100,3529,3511,1
1101,3529,3513,1
1102,3529,3514,1
1103,3529,3516,1
1104,3529,3546,1
1105,3529,3524,1646
1106,3529,3541,1
1107,3529,3556,1
1108,3529,3529,36341
1109,3529,3526,46
1110,3529,3522,1
1111,3529,3560,1
1112,3529,3549,1
1113,3529,3542,1
1114,3529,3537,1
1115,3529,3536,1
1116,3529,3532,1666
1117,3529,3531,26
1118,3529,3528,1361
1119,3529,3540,1
1120,3529,3538,1
1121,3529,3534,1
1122,3529,3554,1
1123,3529,3552,1
1124,3529,3551,1
1125,3529,3558,1
1126,3529,3559,1
1127,3530,3520,3071
1128,3530,3507,1
1129,3530,3506,151
1130,3530,3502,1
1131,3530,3501,1
1132,3530,3510,1
1133,3530,3509,1
1134,3530,3547,1
1135,3530,3557,1
1136,3530,3553,1
1137,3530,3548,1
1138,3530,3544,1
1139,3530,3543,1
1140,3530,3539,626
1141,3530,3530,192301
1142,3530,3525,2111
1143,3530,3523,16141
1144,3530,3521,5116
1145,3530,3519,591
1146,3530,3518,1
1147,3530,3515,1
1148,3530,3512,1
1149,3530,3511,1
1150,3530,3513,1
1151,3530,3514,1
1152,3530,3516,1
1153,3530,3546,1
1154,3530,3524,3291
1155,3530,3541,51
1156,3530,3556,1
1157,3530,3529,2116
1158,3530,3526,46
1159,3530,3522,66
1160,3530,3560,1
1161,3530,3549,1
1162,3530,3542,1
1163,3530,3537,31
1164,3530,3536,1
1165,3530,3532,1186
1166,3530,3531,1736
1167,3530,3528,46
1168,3530,3540,1
1169,3530,3538,1
1170,3530,3534,26
1171,3530,3554,1
1172,3530,3552,1
1173,3530,3551,1
1174,3530,3558,1
1175,3530,3559,1
1176,3531,3520,131
1177,3531,3507,1
1178,3531,3506,1
1179,3531,3502,1
1180,3531,3501,1
1181,3531,3510,1
1182,3531,3509,1
1183,3531,3547,1
1184,3531,3557,1
1185,3531,3553,1
1186,3531,3548,1
1187,3531,3544,1
1188,3531,3543,1
1189,3531,3539,661
1190,3531,3530,2831
1191,3531,3525,26
1192,3531,3523,716
1193,3531,3521,26
1194,3531,3519,1
1195,3531,3518,1
1196,3531,3515,1
1197,3531,3512,1
1198,3531,3511,1
1199,3531,3513,1
1200,3531,3514,1
1201,3531,3516,1
1202,3531,3546,1
1203,3531,3524,21
1204,3531,3541,21
1205,3531,3556,1
1206,3531,3529,1
1207,3531,3526,1
1208,3531,3522,1
1209,3531,3560,1
1210,3531,3549,1
1211,3531,3542,1
1212,3531,3537,1
1213,3531,3536,1
1214,3531,3532,611
1215,3531,3531,25266
1216,3531,3528,1
1217,3531,3540,706
1218,3531,3538,1
1219,3531,3534,1
1220,3531,3554,1
1221,3531,3552,1
1222,3531,3551,1
1223,3531,3558,1
1224,3531,3559,1
1225,3532,3520,186
1226,3532,3507,1
1227,3532,3506,1
1228,3532,3502,1
1229,3532,3501,1
1230,3532,3510,1
1231,3532,3509,1
1232,3532,3547,1
1233,3532,3557,1
1234,3532,3553,1
1235,3532,3548,1
1236,3532,3544,1
1237,3532,3543,1
1238,3532,3539,3846
1239,3532,3530,4121
1240,3532,3525,236
1241,3532,3523,306
1242,3532,3521,186
1243,3532,3519,1
1244,3532,3518,1
1245,3532,3515,1
1246,3532,3512,1
1247,3532,3511,1
1248,3532,3513,1
1249,3532,3514,1
1250,3532,3516,1
1251,3532,3546,1
1252,3532,3524,126
1253,3532,3541,1
1254,3532,3556,1
1255,3532,3529,1341
1256,3532,3526,1
1257,3532,3522,1
1258,3532,3560,1
1259,3532,3549,1
1260,3532,3542,1
1261,3532,3537,1
1262,3532,3536,1
1263,3532,3532,31056
1264,3532,3531,1551
1265,3532,3528,1286
1266,3532,3540,1
1267,3532,3538,1
1268,3532,3534,476
1269,3532,3554,1
1270,3532,3552,1
1271,3532,3551,1
1272,3532,3558,1
1273,3532,3559,1
1274,3534,3520,41
1275,3534,3507,1
1276,3534,3506,1
1277,3534,3502,1
1278,3534,3501,1
1279,3534,3510,1
1280,3534,3509,1
1281,3534,3547,1
1282,3534,3557,1
1283,3534,3553,1
1284,3534,3548,1
1285,3534,3544,1
1286,3534,3543,1
1287,3534,3539,9806
1288,3534,3530,81
1289,3534,3525,26
1290,3534,3523,1
1291,3534,3521,21
1292,3534,3519,1
1293,3534,3518,1
1294,3534,3515,1
1295,3534,3512,1
1296,3534,3511,1
1297,3534,3513,1
1298,3534,3514,1
1299,3534,3516,1
1300,3534,3546,1
1301,3534,3524,1
1302,3534,3541,1
1303,3534,3556,1
1304,3534,3529,1
1305,3534,3526,1
1306,3534,3522,1
1307,3534,3560,1
1308,3534,3549,1
1309,3534,3542,1
1310,3534,3537,31
1311,3534,3536,266
1312,3534,3532,2461
1313,3534,3531,21
1314,3534,3528,366
1315,3534,3540,1
1316,3534,3538,1
1317,3534,3534,18891
1318,3534,3554,1
1319,3534,3552,1
1320,3534,3551,1
1321,3534,3558,1
1322,3534,3559,1
1323,3536,3520,91
1324,3536,3507,1
1325,3536,3506,26
1326,3536,3502,1
1327,3536,3501,1
1328,3536,3510,1
1329,3536,3509,1
1330,3536,3547,1
1331,3536,3557,1
1332,3536,3553,1
1333,3536,3548,1
1334,3536,3544,1
1335,3536,3543,1
1336,3536,3539,616
1337,3536,3530,106
1338,3536,3525,31
1339,3536,3523,36
1340,3536,3521,26
1341,3536,3519,1
1342,3536,3518,1
1343,3536,3515,1
1344,3536,3512,1
1345,3536,3511,1
1346,3536,3513,1
1347,3536,3514,1
1348,3536,3516,1
1349,3536,3546,1
1350,3536,3524,1
1351,3536,3541,1
1352,3536,3556,1
1353,3536,3529,1
1354,3536,3526,1
1355,3536,3522,1
1356,3536,3560,1
1357,3536,3549,1
1358,3536,3542,1
1359,3536,3537,2861
1360,3536,3536,31776
1361,3536,3532,61
1362,3536,3531,1
1363,3536,3528,1
1364,3536,3540,1
1365,3536,3538,1546
1366,3536,3534,191
1367,3536,3554,1
1368,3536,3552,1
1369,3536,3551,1
1370,3536,3558,1
1371,3536,3559,1
1372,3537,3520,371
1373,3537,3507,1
1374,3537,3506,71
1375,3537,3502,1
1376,3537,3501,1
1377,3537,3510,1
1378,3537,3509,1
1379,3537,3547,1
1380,3537,3557,1
1381,3537,3553,1
1382,3537,3548,1
1383,3537,3544,1
1384,3537,3543,1
1385,3537,3539,201
1386,3537,3530,46
1387,3537,3525,1
1388,3537,3523,1
1389,3537,3521,86
1390,3537,3519,1
1391,3537,3518,1
1392,3537,3515,1
1393,3537,3512,1
1394,3537,3511,1
1395,3537,3513,1
1396,3537,3514,1
1397,3537,3516,1
1398,3537,3546,1
1399,3537,3524,91
1400,3537,3541,1
1401,3537,3556,1
1402,3537,3529,1
1403,3537,3526,1
1404,3537,3522,1
1405,3537,3560,1
1406,3537,3549,1
1407,3537,3542,1
1408,3537,3537,145041
1409,3537,3536,2271
1410,3537,3532,26
1411,3537,3531,1
1412,3537,3528,1
1413,3537,3540,1
1414,3537,3538,36
1415,3537,3534,1
1416,3537,3554,1
1417,3537,3552,1
1418,3537,3551,1
1419,3537,3558,1
1420,3537,3559,1
1421,3538,3520,131
1422,3538,3507,1
1423,3538,3506,1
1424,3538,3502,1
1425,3538,3501,1
1426,3538,3510,1
1427,3538,3509,1
1428,3538,3547,1
1429,3538,3557,1
1430,3538,3553,1
1431,3538,3548,1
1432,3538,3544,1
1433,3538,3543,1
1434,3538,3539,2001
1435,3538,3530,1
1436,3538,3525,46
1437,3538,3523,41
1438,3538,3521,21
1439,3538,3519,1
1440,3538,3518,1
1441,3538,3515,1
1442,3538,3512,1
1443,3538,3511,1
1444,3538,3513,1
1445,3538,3514,1
1446,3538,3516,1
1447,3538,3546,1
1448,3538,3524,1
1449,3538,3541,41
1450,3538,3556,1
1451,3538,3529,1
1452,3538,3526,21
1453,3538,3522,1
1454,3538,3560,1
1455,3538,3549,1
1456,3538,3542,1
1457,3538,3537,36
1458,3538,3536,1111
1459,3538,3532,1
1460,3538,3531,26
1461,3538,3528,1
1462,3538,3540,306
1463,3538,3538,40761
1464,3538,3534,1
1465,3538,3554,1
1466,3538,3552,1
1467,3538,3551,1
1468,3538,3558,1
1469,3538,3559,1
1470,3539,3520,1041
1471,3539,3507,1
1472,3539,3506,141
1473,3539,3502,1
1474,3539,3501,1
1475,3539,3510,36
1476,3539,3509,1
1477,3539,3547,1
1478,3539,3557,1
1479,3539,3553,1
1480,3539,3548,1
1481,3539,3544,1
1482,3539,3543,1
1483,3539,3539,161891
1484,3539,3530,791
1485,3539,3525,171
1486,3539,3523,221
1487,3539,3521,466
1488,3539,3519,151
1489,3539,3518,26
1490,3539,3515,1
1491,3539,3512,1
1492,3539,3511,1
1493,3539,3513,1
1494,3539,3514,1
1495,3539,3516,1
1496,3539,3546,1
1497,3539,3524,181
1498,3539,3541,81
1499,3539,3556,1
1500,3539,3529,131
1501,3539,3526,1
1502,3539,3522,1
1503,3539,3560,1
1504,3539,3549,1
1505,3539,3542,1
1506,3539,3537,176
1507,3539,3536,371
1508,3539,3532,5156
1509,3539,3531,1876
1510,3539,3528,81
1511,3539,3540,1026
1512,3539,3538,1156
1513,3539,3534,3646
1514,3539,3554,1
1515,3539,3552,1
1516,3539,3551,1
1517,3539,3558,1
1518,3539,3559,1
1519,3540,3520,26
1520,3540,3507,1
1521,3540,3506,1
1522,3540,3502,1
1523,3540,3501,1
1524,3540,3510,1
1525,3540,3509,1
1526,3540,3547,1
1527,3540,3557,1
1528,3540,3553,1
1529,3540,3548,1
1530,3540,3544,1
1531,3540,3543,1
1532,3540,3539,921
1533,3540,3530,236
1534,3540,3525,1
1535,3540,3523,251
1536,3540,3521,1
1537,3540,3519,1
1538,3540,3518,1
1539,3540,3515,1
1540,3540,3512,1
1541,3540,3511,1
1542,3540,3513,1
1543,3540,3514,1
1544,3540,3516,1
1545,3540,3546,1
1546,3540,3524,1
1547,3540,3541,671
1548,3540,3556,1
1549,3540,3529,1
1550,3540,3526,1
1551,3540,3522,1
1552,3540,3560,1
1553,3540,3549,1
1554,3540,3542,1
1555,3540,3537,1
1556,3540,3536,1
1557,3540,3532,1
1558,3540,3531,2101
1559,3540,3528,1
1560,3540,3540,15181
1561,3540,3538,316
1562,3540,3534,1
1563,3540,3554,1
1564,3540,3552,1
1565,3540,3551,1
1566,3540,3558,1
1567,3540,3559,1
1568,3541,3520,96
1569,3541,3507,1
1570,3541,3506,1
1571,3541,3502,1
1572,3541,3501,1
1573,3541,3510,1
1574,3541,3509,1
1575,3541,3547,1
1576,3541,3557,1
1577,3541,3553,1
1578,3541,3548,1
1579,3541,3544,1
1580,3541,3543,26
1581,3541,3539,41
1582,3541,3530,66
1583,3541,3525,1
1584,3541,3523,251
1585,3541,3521,26
1586,3541,3519,1
1587,3541,3518,26
1588,3541,3515,1
1589,3541,3512,1
1590,3541,3511,1
1591,3541,3513,1
1592,3541,3514,1
1593,3541,3516,1
1594,3541,3546,1
1595,3541,3524,1
1596,3541,3541,17906
1597,3541,3556,1
1598,3541,3529,1
1599,3541,3526,1
1600,3541,3522,1
1601,3541,3560,1
1602,3541,3549,1
1603,3541,3542,3391
1604,3541,3537,1
1605,3541,3536,1
1606,3541,3532,1
1607,3541,3531,91
1608,3541,3528,1
1609,3541,3540,626
1610,3541,3538,1
1611,3541,3534,1
1612,3541,3554,1
1613,3541,3552,1
1614,3541,3551,1
1615,3541,3558,1
1616,3541,3559,1
1617,3542,3520,526
1618,3542,3507,1
1619,3542,3506,1
1620,3542,3502,1
1621,3542,3501,1
1622,3542,3510,1
1623,3542,3509,1
1624,3542,3547,1
1625,3542,3557,1
1626,3542,3553,1
1627,3542,3548,1
1628,3542,3544,1
1629,3542,3543,1456
1630,3542,3539,31
1631,3542,3530,156
1632,3542,3525,1
1633,3542,3523,1526
1634,3542,3521,416
1635,3542,3519,21
1636,3542,3518,1
1637,3542,3515,1
1638,3542,3512,1
1639,3542,3511,1
1640,3542,3513,1
1641,3542,3514,1
1642,3542,3516,1
1643,3542,3546,1
1644,3542,3524,21
1645,3542,3541,2501
1646,3542,3556,1
1647,3542,3529,1
1648,3542,3526,1
1649,3542,3522,781
1650,3542,3560,1
1651,3542,3549,1
1652,3542,3542,23801
1653,3542,3537,1
1654,3542,3536,1
1655,3542,3532,1
1656,3542,3531,61
1657,3542,3528,1
1658,3542,3540,1
1659,3542,3538,1
1660,3542,3534,1
1661,3542,3554,1
1662,3542,3552,1
1663,3542,3551,1
1664,3542,3558,1
1665,3542,3559,1
1666,3543,3520,12656
1667,3543,3507,1
1668,3543,3506,106
1669,3543,3502,1
1670,3543,3501,1
1671,3543,3510,1
1672,3543,3509,1
1673,3543,3547,1
1674,3543,3557,1
1675,3543,3553,26
1676,3543,3548,21
1677,3543,3544,1046
1678,3543,3543,138436
1679,3543,3539,81
1680,3543,3530,141
1681,3543,3525,96
1682,3543,3523,106
1683,3543,3521,8161
1684,3543,3519,19721
1685,3543,3518,121
1686,3543,3515,21
1687,3543,3512,1
1688,3543,3511,1
1689,3543,3513,1
1690,3543,3514,1
1691,3543,3516,146
1692,3543,3546,1
1693,3543,3524,321
1694,3543,3541,1
1695,3543,3556,1
1696,3543,3529,1
1697,3543,3526,1
1698,3543,3522,546
1699,3543,3560,46
1700,3543,3549,21
1701,3543,3542,1636
1702,3543,3537,1
1703,3543,3536,1
1704,3543,3532,1
1705,3543,3531,1
1706,3543,3528,1
1707,3543,3540,1
1708,3543,3538,1
1709,3543,3534,1
1710,3543,3554,1
1711,3543,3552,1
1712,3543,3551,1
1713,3543,3558,1
1714,3543,3559,1
1715,3544,3520,536
1716,3544,3507,1
1717,3544,3506,1
1718,3544,3502,1
1719,3544,3501,1
1720,3544,3510,1
1721,3544,3509,1
1722,3544,3547,1
1723,3544,3557,1
1724,3544,3553,1
1725,3544,3548,1
1726,3544,3544,17106
1727,3544,3543,986
1728,3544,3539,1
1729,3544,3530,1
1730,3544,3525,1
1731,3544,3523,1
1732,3544,3521,111
1733,3544,3519,111
1734,3544,3518,1
1735,3544,3515,1
1736,3544,3512,1
1737,3544,3511,1
1738,3544,3513,1
1739,3544,3514,1
1740,3544,3516,1
1741,3544,3546,81
1742,3544,3524,26
1743,3544,3541,1
1744,3544,3556,1
1745,3544,3529,1
1746,3544,3526,1
1747,3544,3522,1
1748,3544,3560,1
1749,3544,3549,246
1750,3544,3542,1
1751,3544,3537,1
1752,3544,3536,1
1753,3544,3532,1
1754,3544,3531,1
1755,3544,3528,1
1756,3544,3540,1
1757,3544,3538,1
1758,3544,3534,1
1759,3544,3554,1
1760,3544,3552,1
1761,3544,3551,1
1762,3544,3558,1
1763,3544,3559,1
1764,3546,3520,206
1765,3546,3507,1
1766,3546,3506,1
1767,3546,3502,1
1768,3546,3501,1
1769,3546,3510,1
1770,3546,3509,1
1771,3546,3547,1
1772,3546,3557,1
1773,3546,3553,1
1774,3546,3548,1
1775,3546,3544,26
1776,3546,3543,21
1777,3546,3539,1
1778,3546,3530,1
1779,3546,3525,1
1780,3546,3523,1
1781,3546,3521,1
1782,3546,3519,41
1783,3546,3518,61
1784,3546,3515,36
1785,3546,3512,211
1786,3546,3511,1
1787,3546,3513,1
1788,3546,3514,1
1789,3546,3516,181
1790,3546,3546,3606
1791,3546,3524,1
1792,3546,3541,1
1793,3546,3556,1
1794,3546,3529,1
1795,3546,3526,1
1796,3546,3522,1
1797,3546,3560,1
1798,3546,3549,1
1799,3546,3542,1
1800,3546,3537,1
1801,3546,3536,1
1802,3546,3532,1
1803,3546,3531,1
1804,3546,3528,1
1805,3546,3540,1
1806,3546,3538,1
1807,3546,3534,1
1808,3546,3554,1
1809,3546,3552,1
1810,3546,3551,1
1811,3546,3558,1
1812,3546,3559,1
1813,3547,3520,1
1814,3547,3507,1
1815,3547,3506,3486
1816,3547,3502,1
1817,3547,3501,1
1818,3547,3510,21
1819,3547,3509,206
1820,3547,3547,32376
1821,3547,3557,1
1822,3547,3553,1
1823,3547,3548,101
1824,3547,3544,1
1825,3547,3543,1
1826,3547,3539,1
1827,3547,3530,1
1828,3547,3525,1
1829,3547,3523,1
1830,3547,3521,1
1831,3547,3519,1
1832,3547,3518,1
1833,3547,3515,1
1834,3547,3512,66
1835,3547,3511,1
1836,3547,3513,1
1837,3547,3514,1
1838,3547,3516,1
1839,3547,3546,1
1840,3547,3524,1
1841,3547,3541,1
1842,3547,3556,1
1843,3547,3529,1
1844,3547,3526,1
1845,3547,3522,1
1846,3547,3560,1
1847,3547,3549,1
1848,3547,3542,1
1849,3547,3537,1
1850,3547,3536,1
1851,3547,3532,1
1852,3547,3531,1
1853,3547,3528,1
1854,3547,3540,1
1855,3547,3538,1
1856,3547,3534,1
1857,3547,3554,1
1858,3547,3552,1
1859,3547,3551,1
1860,3547,3558,1
1861,3547,3559,1
1862,3548,3520,71
1863,3548,3507,1
1864,3548,3506,41
1865,3548,3502,1
1866,3548,3501,1
1867,3548,3510,1
1868,3548,3509,1
1869,3548,3547,26
1870,3548,3557,1
1871,3548,3553,441
1872,3548,3548,27031
1873,3548,3544,1
1874,3548,3543,1
1875,3548,3539,1
1876,3548,3530,1
1877,3548,3525,21
1878,3548,3523,1
1879,3548,3521,1
1880,3548,3519,21
1881,3548,3518,1
1882,3548,3515,1
1883,3548,3512,1
1884,3548,3511,1
1885,3548,3513,1
1886,3548,3514,1
1887,3548,3516,1
1888,3548,3546,1
1889,3548,3524,1
1890,3548,3541,1
1891,3548,3556,36
1892,3548,3529,1
1893,3548,3526,1
1894,3548,3522,1
1895,3548,3560,1
1896,3548,3549,431
1897,3548,3542,1
1898,3548,3537,1
1899,3548,3536,1
1900,3548,3532,1
1901,3548,3531,1
1902,3548,3528,1
1903,3548,3540,1
1904,3548,3538,1
1905,3548,3534,1
1906,3548,3554,81
1907,3548,3552,91
1908,3548,3551,1
1909,3548,3558,1
1910,3548,3559,1
1911,3549,3520,51
1912,3549,3507,1
1913,3549,3506,1
1914,3549,3502,1
1915,3549,3501,1
1916,3549,3510,1
1917,3549,3509,1
1918,3549,3547,1
1919,3549,3557,1
1920,3549,3553,1
1921,3549,3548,2406
1922,3549,3544,1281
1923,3549,3543,51
1924,3549,3539,1
1925,3549,3530,1
1926,3549,3525,1
1927,3549,3523,1
1928,3549,3521,26
1929,3549,3519,1
1930,3549,3518,1
1931,3549,3515,1
1932,3549,3512,1
1933,3549,3511,1
1934,3549,3513,1
1935,3549,3514,1
1936,3549,3516,1
1937,3549,3546,1
1938,3549,3524,1
1939,3549,3541,1
1940,3549,3556,1
1941,3549,3529,1
1942,3549,3526,1
1943,3549,3522,1
1944,3549,3560,1
1945,3549,3549,7506
1946,3549,3542,1
1947,3549,3537,1
1948,3549,3536,1
1949,3549,3532,1
1950,3549,3531,1
1951,3549,3528,1
1952,3549,3540,1
1953,3549,3538,1
1954,3549,3534,1
1955,3549,3554,1
1956,3549,3552,1
1957,3549,3551,1
1958,3549,3558,1
1959,3549,3559,1
1960,3551,3520,1
1961,3551,3507,1
1962,3551,3506,1
1963,3551,3502,1
1964,3551,3501,1
1965,3551,3510,1
1966,3551,3509,1
1967,3551,3547,1
1968,3551,3557,1
1969,3551,3553,56
1970,3551,3548,1
1971,3551,3544,1
1972,3551,3543,1
1973,3551,3539,1
1974,3551,3530,1
1975,3551,3525,1
1976,3551,3523,1
1977,3551,3521,1
1978,3551,3519,1
1979,3551,3518,1
1980,3551,3515,1
1981,3551,3512,1
1982,3551,3511,1
1983,3551,3513,1
1984,3551,3514,1
1985,3551,3516,1
1986,3551,3546,1
1987,3551,3524,1
1988,3551,3541,1
1989,3551,3556,1
1990,3551,3529,1
1991,3551,3526,1
1992,3551,3522,1
1993,3551,3560,1
1994,3551,3549,1
1995,3551,3542,1
1996,3551,3537,1
1997,3551,3536,1
1998,3551,3532,1
1999,3551,3531,1
2000,3551,3528,1
2001,3551,3540,1
2002,3551,3538,1
2003,3551,3534,1
2004,3551,3554,1
2005,3551,3552,36
2006,3551,3551,3051
2007,3551,3558,1
2008,3551,3559,1
2009,3552,3520,1
2010,3552,3507,1
2011,3552,3506,1
2012,3552,3502,1
2013,3552,3501,1
2014,3552,3510,1
2015,3552,3509,1
2016,3552,3547,1
2017,3552,3557,41
2018,3552,3553,2126
2019,3552,3548,171
2020,3552,3544,1
2021,3552,3543,1
2022,3552,3539,1
2023,3552,3530,1
2024,3552,3525,1
2025,3552,3523,1
2026,3552,3521,1
2027,3552,3519,1
2028,3552,3518,1
2029,3552,3515,1
2030,3552,3512,1
2031,3552,3511,1
2032,3552,3513,1
2033,3552,3514,1
2034,3552,3516,1
2035,3552,3546,1
2036,3552,3524,1
2037,3552,3541,1
2038,3552,3556,51
2039,3552,3529,1
2040,3552,3526,1
2041,3552,3522,1
2042,3552,3560,1
2043,3552,3549,1
2044,3552,3542,1
2045,3552,3537,1
2046,3552,3536,1
2047,3552,3532,1
2048,3552,3531,1
2049,3552,3528,1
2050,3552,3540,1
2051,3552,3538,1
2052,3552,3534,1
2053,3552,3554,1
2054,3552,3552,4226
2055,3552,3551,36
2056,3552,3558,1
2057,3552,3559,1
2058,3553,3520,66
2059,3553,3507,1
2060,3553,3506,96
2061,3553,3502,1
2062,3553,3501,1
2063,3553,3510,1
2064,3553,3509,1
2065,3553,3547,1
2066,3553,3557,61
2067,3553,3553,63141
2068,3553,3548,166
2069,3553,3544,1
2070,3553,3543,1
2071,3553,3539,1
2072,3553,3530,1
2073,3553,3525,1
2074,3553,3523,1
2075,3553,3521,31
2076,3553,3519,21
2077,3553,3518,1
2078,3553,3515,1
2079,3553,3512,1
2080,3553,3511,1
2081,3553,3513,1
2082,3553,3514,1
2083,3553,3516,1
2084,3553,3546,1
2085,3553,3524,1
2086,3553,3541,1
2087,3553,3556,111
2088,3553,3529,1
2089,3553,3526,1
2090,3553,3522,1
2091,3553,3560,96
2092,3553,3549,31
2093,3553,3542,1
2094,3553,3537,1
2095,3553,3536,1
2096,3553,3532,1
2097,3553,3531,1
2098,3553,3528,1
2099,3553,3540,21
2100,3553,3538,1
2101,3553,3534,1
2102,3553,3554,71
2103,3553,3552,611
2104,3553,3551,21
2105,3553,3558,36
2106,3553,3559,1
2107,3554,3520,1
2108,3554,3507,1
2109,3554,3506,1
2110,3554,3502,1
2111,3554,3501,1
2112,3554,3510,1
2113,3554,3509,1
2114,3554,3547,1
2115,3554,3557,1
2116,3554,3553,26
2117,3554,3548,41
2118,3554,3544,1
2119,3554,3543,1
2120,3554,3539,1
2121,3554,3530,1
2122,3554,3525,1
2123,3554,3523,1
2124,3554,3521,1
2125,3554,3519,1
2126,3554,3518,1
2127,3554,3515,1
2128,3554,3512,1
2129,3554,3511,1
2130,3554,3513,1
2131,3554,3514,1
2132,3554,3516,1
2133,3554,3546,1
2134,3554,3524,1
2135,3554,3541,1
2136,3554,3556,176
2137,3554,3529,1
2138,3554,3526,1
2139,3554,3522,1
2140,3554,3560,1
2141,3554,3549,1
2142,3554,3542,1
2143,3554,3537,1
2144,3554,3536,1
2145,3554,3532,1
2146,3554,3531,1
2147,3554,3528,1
2148,3554,3540,1
2149,3554,3538,1
2150,3554,3534,1
2151,3554,3554,9931
2152,3554,3552,1
2153,3554,3551,1
2154,3554,3558,1
2155,3554,3559,1
2156,3556,3520,36
2157,3556,3507,1
2158,3556,3506,21
2159,3556,3502,1
2160,3556,3501,1
2161,3556,3510,1
2162,3556,3509,1
2163,3556,3547,1
2164,3556,3557,21
2165,3556,3553,51
2166,3556,3548,1
2167,3556,3544,1
2168,3556,3543,1
2169,3556,3539,1
2170,3556,3530,1
2171,3556,3525,1
2172,3556,3523,1
2173,3556,3521,1
2174,3556,3519,1
2175,3556,3518,21
2176,3556,3515,1
2177,3556,3512,1
2178,3556,3511,1
2179,3556,3513,1
2180,3556,3514,1
2181,3556,3516,1
2182,3556,3546,1
2183,3556,3524,1
2184,3556,3541,1
2185,3556,3556,29966
2186,3556,3529,1
2187,3556,3526,1
2188,3556,3522,1
2189,3556,3560,51
2190,3556,3549,1
2191,3556,3542,1
2192,3556,3537,1
2193,3556,3536,1
2194,3556,3532,1
2195,3556,3531,1
2196,3556,3528,1
2197,3556,3540,1
2198,3556,3538,1
2199,3556,3534,1
2200,3556,3554,91
2201,3556,3552,166
2202,3556,3551,1
2203,3556,3558,1
2204,3556,3559,1
2205,3557,3520,41
2206,3557,3507,1
2207,3557,3506,31
2208,3557,3502,1
2209,3557,3501,1
2210,3557,3510,26
2211,3557,3509,1
2212,3557,3547,1
2213,3557,3557,37416
2214,3557,3553,156
2215,3557,3548,21
2216,3557,3544,1
2217,3557,3543,1
2218,3557,3539,1
2219,3557,3530,1
2220,3557,3525,1
2221,3557,3523,1
2222,3557,3521,1
2223,3557,3519,1
2224,3557,3518,1
2225,3557,3515,1
2226,3557,3512,1
2227,3557,3511,1
2228,3557,3513,1
2229,3557,3514,1
2230,3557,3516,1
2231,3557,3546,1
2232,3557,3524,1
2233,3557,3541,1
2234,3557,3556,1
2235,3557,3529,1
2236,3557,3526,1
2237,3557,3522,1
2238,3557,3560,31
2239,3557,3549,1
2240,3557,3542,1
2241,3557,3537,1
2242,3557,3536,1
2243,3557,3532,1
2244,3557,3531,1
2245,3557,3528,1
2246,3557,3540,1
2247,3557,3538,1
2248,3557,3534,1
2249,3557,3554,1
2250,3557,3552,216
2251,3557,3551,1
2252,3557,3558,1
2253,3557,3559,1
2254,3558,3520,31
2255,3558,3507,1
2256,3558,3506,36
2257,3558,3502,1
2258,3558,3501,1
2259,3558,3510,1
2260,3558,3509,1
2261,3558,3547,1
2262,3558,3557,26
2263,3558,3553,31
2264,3558,3548,1
2265,3558,3544,1
2266,3558,3543,1
2267,3558,3539,1
2268,3558,3530,1
2269,3558,3525,1
2270,3558,3523,1
2271,3558,3521,1
2272,3558,3519,1
2273,3558,3518,1
2274,3558,3515,1
2275,3558,3512,1
2276,3558,3511,1
2277,3558,3513,1
2278,3558,3514,1
2279,3558,3516,1
2280,3558,3546,1
2281,3558,3524,1
2282,3558,3541,1
2283,3558,3556,1
2284,3558,3529,1
2285,3558,3526,1
2286,3558,3522,1
2287,3558,3560,271
2288,3558,3549,1
2289,3558,3542,1
2290,3558,3537,1
2291,3558,3536,1
2292,3558,3532,1
2293,3558,3531,1
2294,3558,3528,1
2295,3558,3540,1
2296,3558,3538,1
2297,3558,3534,1
2298,3558,3554,1
2299,3558,3552,1
2300,3558,3551,1
2301,3558,3558,54591
2302,3558,3559,46
2303,3559,3520,1
2304,3559,3507,1
2305,3559,3506,1
2306,3559,3502,1
2307,3559,3501,1
2308,3559,3510,1
2309,3559,3509,1
2310,3559,3547,1
2311,3559,3557,1
2312,3559,3553,1
2313,3559,3548,1
2314,3559,3544,1
2315,3559,3543,1
2316,3559,3539,1
2317,3559,3530,1
2318,3559,3525,1
2319,3559,3523,1
2320,3559,3521,1
2321,3559,3519,1
2322,3559,3518,1
2323,3559,3515,1
2324,3559,3512,1
2325,3559,3511,1
2326,3559,3513,1
2327,3559,3514,1
2328,3559,3516,1
2329,3559,3546,1
2330,3559,3524,1
2331,3559,3541,1
2332,3559,3556,1
2333,3559,3529,1
2334,3559,3526,1
2335,3559,3522,1
2336,3559,3560,1
2337,3559,3549,1
2338,3559,3542,1
2339,3559,3537,1
2340,3559,3536,1
2341,3559,3532,1
2342,3559,3531,1
2343,3559,3528,1
2344,3559,3540,1
2345,3559,3538,1
2346,3559,3534,1
2347,3559,3554,1
2348,3559,3552,1
2349,3559,3551,1
2350,3559,3558,26
2351,3559,3559,6226
2352,3560,3520,1
2353,3560,3507,1
2354,3560,3506,1
2355,3560,3502,1
2356,3560,3501,1
2357,3560,3510,1
2358,3560,3509,1
2359,3560,3547,1
2360,3560,3557,1
2361,3560,3553,1
2362,3560,3548,1
2363,3560,3544,1
2364,3560,3543,1
2365,3560,3539,1
2366,3560,3530,1
2367,3560,3525,1
2368,3560,3523,1
2369,3560,3521,1
2370,3560,3519,1
2371,3560,3518,1
2372,3560,3515,1
2373,3560,3512,1
2374,3560,3511,1
2375,3560,3513,1
2376,3560,3514,1
2377,3560,3516,1
2378,3560,3546,1
2379,3560,3524,1
2380,3560,3541,1
2381,3560,3556,21
2382,3560,3529,1
2383,3560,3526,1
2384,3560,3522,1
2385,3560,3560,21196
2386,3560,3549,1
2387,3560,3542,1
2388,3560,3537,1
2389,3560,3536,1
2390,3560,3532,1
2391,3560,3531,1
2392,3560,3528,1
2393,3560,3540,1
2394,3560,3538,1
2395,3560,3534,1
2396,3560,3554,1
2397,3560,3552,1
2398,3560,3551,1
2399,3560,3558,21
2400,3560,3559,21
