"report_date","previous_day_total_doses_administered","previous_day_at_least_one","previous_day_fully_vaccinated","previous_day_3doses","total_doses_administered","total_individuals_at_least_one","total_individuals_partially_vaccinated","total_doses_in_fully_vaccinated_individuals","total_individuals_fully_vaccinated","total_individuals_3doses"
2020-12-24,,,,,10756,,,,,
2020-12-30,7847,,,,18603,,,,,
2020-12-31,4899,,,,23502,,,,,
2021-01-01,5385,,,,28887,,,,,
2021-01-02,4304,,,,33191,,,,,
2021-01-03,4360,,,,37551,,,,,
2021-01-04,4868,,,,42419,,,,,
2021-01-05,7611,,,,50030,,,,,
2021-01-06,10350,,,,60380,59950,,860,430,
2021-01-07,12251,11594,657,,72631,71544,,2173,1087,
2021-01-08,14932,13992,940,,87563,85536,,4053,2027,
2021-01-09,15700,14787,913,,103263,100323,,5880,2940,
2021-01-10,9983,9981,2,,113246,110304,,5884,2942,
2021-01-11,8859,8859,0,,122105,119163,,5884,2942,
2021-01-12,11448,11367,81,,133553,130530,,6046,3023,
2021-01-13,11231,9865,1366,,144784,140395,,8778,4389,
2021-01-14,14237,11979,2258,,159021,152374,,13293,6647,
2021-01-15,15609,13709,1900,,174630,166083,,17094,8547,
2021-01-16,14460,13340,1120,,189090,179423,,19333,9667,
2021-01-17,11007,9817,1190,,200097,189240,,21714,10857,
2021-01-18,9691,9672,19,,209788,198912,,21752,10876,
2021-01-19,14346,12417,1929,,224134,211329,,25609,12805,
2021-01-20,13784,10408,3376,,237918,221737,,32361,16181,
2021-01-21,15899,11967,3932,,253817,233704,,40225,20113,
2021-01-22,11168,6635,4533,,264985,240339,,49292,24646,
2021-01-23,11161,6853,4308,,276146,247192,,57907,28954,
2021-01-24,4427,1940,2487,,280573,249132,,62881,31441,
2021-01-25,5537,1350,4187,,286110,250482,,71256,35628,
2021-01-26,9707,3692,6015,,295817,254174,,83285,41643,
2021-01-27,9513,2926,6587,,305330,257100,,96459,48230,
2021-01-28,11910,4854,7056,,317240,261954,,110571,55286,
2021-01-29,10215,3822,6393,,327455,265776,,123357,61679,
2021-01-30,9373,3265,6108,,336828,269041,,135574,67787,
2021-01-31,2816,1754,1062,,339644,270795,,137698,68849,
2021-02-01,2256,812,1444,,341900,271607,,140585,70293,
2021-02-02,2715,951,1764,,344615,272558,,144113,72057,
2021-02-03,3716,779,2937,,348331,273337,,149987,74994,
2021-02-04,6724,741,5983,,355055,274078,,161954,80977,
2021-02-05,7694,840,6854,,362749,274918,,175662,87831,
2021-02-06,9917,1175,8742,,372666,276093,,193146,96573,
2021-02-07,6518,1347,5171,,379184,277440,,203487,101744,
2021-02-08,6987,2568,4419,,386171,280008,,212326,106163,
2021-02-09,12462,3096,9366,,398633,283104,,231058,115529,
2021-02-10,13486,3290,10196,,412119,286394,,251449,125725,
2021-02-11,14717,3454,11263,,426836,289848,,273975,136988,
2021-02-12,15605,1311,14294,,442441,291159,,302563,151282,
2021-02-13,14506,1481,13025,,456947,292640,,328614,164307,
2021-02-14,10679,343,10336,,467626,292983,,349286,174643,
2021-02-15,7698,204,7494,,475324,293187,,364274,182137,
2021-02-16,5053,256,4797,,480377,293443,,373867,186934,
2021-02-17,9107,675,8432,,489484,294118,,390731,195366,
2021-02-18,12383,1947,10436,,501867,296065,,411604,205802,
2021-02-19,16967,5054,11913,,518834,301119,,435429,217715,
2021-02-20,21295,9859,11436,,540129,310978,,458301,229151,
2021-02-21,16404,9633,6771,,556533,320611,,471843,235922,
2021-02-22,12922,8175,4747,,569455,328786,,481337,240669,
2021-02-23,16252,9879,6373,,585707,338665,,494083,247042,
2021-02-24,17141,12593,4548,,602848,351258,,503180,251590,
2021-02-25,19112,15253,3859,,621960,366511,,510897,255449,
2021-02-26,21805,19240,2565,,643765,385751,,516028,258014,
2021-02-27,24339,21381,2958,,668104,407132,,521943,260972,
2021-02-28,19167,18036,1131,,687271,425168,,524205,262103,
2021-03-01,17424,16313,1111,,704695,441481,,526427,263214,
2021-03-02,22326,20644,1682,,727021,462125,,529792,264896,
2021-03-03,27398,25584,1814,,754419,487709,,533420,266710,
2021-03-04,30409,29001,1408,,784828,516710,,536235,268118,
2021-03-05,35886,34941,945,,820714,551651,,538126,269063,
2021-03-06,39698,38136,1562,,860412,589787,,541250,270625,
2021-03-07,30192,29010,1182,,890604,618797,,543614,271807,
2021-03-08,21882,20013,1869,,912486,638810,,547352,273676,
2021-03-09,31047,28530,2517,,943533,667340,,552385,276193,
2021-03-10,35264,32253,3011,,978797,699593,,558407,279204,
2021-03-11,40610,38100,2510,,1019407,737693,,563428,281714,
2021-03-12,43503,42469,1034,,1062910,780162,,565495,282748,
2021-03-13,53586,51648,1938,,1116496,831810,,569371,284686,
2021-03-14,41859,40930,929,,1158355,872740,,571229,285615,
2021-03-15,33198,31530,1668,,1191553,904270,,574566,287283,
2021-03-16,51579,49944,1635,,1243132,954214,,577836,288918,
2021-03-17,58202,56461,1741,,1301334,1010675,,581318,290659,
2021-03-18,58119,56509,1610,,1359453,1067184,,584537,292269,
2021-03-19,61146,58666,2480,,1420599,1125850,,589498,294749,
2021-03-20,60283,57898,2385,,1480882,1183748,,594267,297134,
2021-03-21,40823,39408,1415,,1521705,1223156,,597098,298549,
2021-03-22,31335,30587,748,,1553040,1253743,,598594,299297,
2021-03-23,50659,48913,1746,,1603699,1302656,,602086,301043,
2021-03-24,72451,70830,1621,,1676150,1373486,,605328,302664,
2021-03-25,79446,77724,1722,,1755596,1451210,,608771,304386,
2021-03-26,82996,81009,1987,,1838592,1532219,,612746,306373,
2021-03-27,77740,75812,1928,,1916332,1608031,,616602,308301,
2021-03-28,64950,63966,984,,1981282,1671997,,618570,309285,
2021-03-29,50453,48490,1963,,2031735,1720487,,622495,311248,
2021-03-30,70645,68004,2641,,2102380,1788491,,627778,313889,
2021-03-31,89873,87942,1931,,2192253,1876433,,631639,315820,
2021-04-01,84060,82165,1895,,2276313,1958598,,635430,317715,
2021-04-02,88183,85548,2635,,2364496,2044146,,640700,320350,
2021-04-03,59567,58448,1119,,2424063,2102594,,642937,321469,
2021-04-04,69125,68546,579,,2493188,2171140,,644095,322048,
2021-04-05,52452,52303,149,,2545640,2223443,,644393,322197,
2021-04-06,76199,75248,951,,2621839,2298691,,646295,323148,
2021-04-07,104382,102747,1635,,2726221,2401438,,649566,324783,
2021-04-08,108563,106986,1577,,2834784,2508424,,652719,326360,
2021-04-09,105382,103144,2238,,2940166,2611568,,657719,328598,
2021-04-10,104783,102399,2384,,3044949,2713967,,661963,330982,
2021-04-11,94794,92626,2168,,3139743,2806593,,666299,333150,
2021-04-12,74722,74453,269,,3214465,2881046,,666838,333419,
2021-04-13,95692,93849,1843,,3310157,2974895,,670524,335262,
2021-04-14,112817,110873,1944,,3422974,3085768,,674411,337206,
2021-04-15,105430,103145,2285,,3528404,3188913,,678981,339491,
2021-04-16,115634,113192,2442,,3644038,3302105,,683866,341933,
2021-04-17,107278,104967,2311,,3751316,3407072,,688488,344244,
2021-04-18,86565,85499,1066,,3837881,3492571,,690620,345310,
2021-04-19,66897,66202,695,,3904778,3558773,,692010,346005,
2021-04-20,90409,88817,1592,,3995187,3647590,,695194,347597,
2021-04-21,136695,134896,1799,,4131882,3782486,,698791,349396,
2021-04-22,134920,132962,1958,,4266802,3915448,,702707,351354,
2021-04-23,133872,130018,3854,,4400674,4045466,,710416,355208,
2021-04-24,126694,123126,3568,,4527368,4168592,,717552,358776,
2021-04-25,99535,97957,1578,,4626903,4266549,,720708,360354,
2021-04-26,69308,68496,812,,4696211,4335045,,722332,361166,
2021-04-27,94819,93422,1397,,4791030,4428467,,725126,362563,
2021-04-28,116173,113570,2603,,4907203,4542037,,730332,365166,
2021-04-29,120567,117330,3237,,5027770,4659367,,736806,368403,
2021-04-30,112214,109507,2707,,5139984,4768874,,742220,371110,
2021-05-01,107700,105251,2449,,5247684,4874125,,747118,373559,
2021-05-02,76685,74964,1721,,5324369,4949089,,750560,375280,
2021-05-03,53880,53255,625,,5378249,5002344,,751810,375905,
2021-05-04,88871,86691,2180,,5467120,5089035,,756170,378085,
2021-05-05,132603,129565,3038,,5599723,5218600,,762246,381123,
2021-05-06,141038,137572,3466,,5740761,5356172,,769178,384589,
2021-05-07,144724,141829,2895,,5885485,5498001,,774968,387484,
2021-05-08,138125,134619,3506,,6023610,5632620,,781980,390990,
2021-05-09,121075,119230,1845,,6144685,5751850,,785670,392835,
2021-05-10,94093,93044,1049,,6238778,5844894,,787768,393884,
2021-05-11,112103,109200,2903,,6350881,5954094,,793574,396787,
2021-05-12,140785,135314,5471,,6491666,6089408,,804516,402258,
2021-05-13,137697,132355,5342,,6629363,6221763,,815200,407600,
2021-05-14,141765,133834,7931,,6771128,6355597,,831062,415531,
2021-05-15,154104,146675,7429,,6925232,6502272,,845920,422960,
2021-05-16,139583,132907,6676,,7064815,6635179,,859272,429636,
2021-05-17,112330,109206,3124,,7177145,6744385,,865520,432760,
2021-05-18,109032,99690,9342,,7286177,6844075,,884204,442102,
2021-05-19,145461,130779,14682,,7431638,6974854,,913568,456784,
2021-05-20,144986,128011,16975,,7576624,7102865,,947518,473759,
2021-05-21,158524,136526,21998,,7735148,7239391,,991514,495757,
2021-05-22,190129,165905,24224,,7925277,7405296,,1039962,519981,
2021-05-23,140330,128708,11622,,8065607,7534004,,1063206,531603,
2021-05-24,99108,92741,6367,,8164715,7626745,,1075940,537970,
2021-05-25,86927,80609,6318,,8251642,7707354,,1088576,544288,
2021-05-26,135308,110279,25029,,8386950,7817633,,1138634,569317,
2021-05-27,143748,118211,25537,,8530698,7935844,,1189708,594854,
2021-05-28,159775,129709,30066,,8690473,8065553,,1249840,624920,
2021-05-29,148972,114753,34219,,8839445,8180306,,1318278,659139,
2021-05-30,144833,116078,28755,,8984278,8296384,,1375788,687894,
2021-05-31,97747,78809,18938,,9082025,8375193,,1413664,706832,
2021-06-01,120195,87305,32890,,9202220,8462498,,1479444,739722,
2021-06-02,139901,98460,41441,,9342121,8560958,,1562326,781163,
2021-06-03,150884,97066,53818,,9493005,8658024,,1669962,834981,
2021-06-04,168322,107238,61084,,9661327,8765262,,1792130,896065,
2021-06-05,172855,105663,67192,,9834182,8870925,,1926514,963257,
2021-06-06,158393,90130,68263,,9992575,8961055,,2063040,1031520,
2021-06-07,116829,61544,55285,,10109404,9022599,,2173610,1086805,
2021-06-08,158209,70684,87525,,10267613,9093283,,2348660,1174330,
2021-06-09,177506,69160,108346,,10445119,9162443,,2565352,1282676,
2021-06-10,182350,65250,117100,,10627469,9227693,,2799552,1399776,
2021-06-11,199951,65985,133966,,10827420,9293678,,3067484,1533742,
2021-06-12,195032,61013,134019,,11022452,9354691,,3335522,1667761,
2021-06-13,186415,57394,129021,,11208867,9412085,,3593564,1796782,
2021-06-14,135574,38036,97538,,11344441,9450121,,3788640,1894320,
2021-06-15,184989,41558,143431,,11529430,9491679,,4075502,2037751,
2021-06-16,202984,42020,160964,,11732414,9533699,,4397430,2198715,
2021-06-17,210611,38291,172320,,11943025,9571990,,4742070,2371035,
2021-06-18,210638,34432,176206,,12153663,9606422,,5094482,2547241,
2021-06-19,213236,35175,178061,,12366899,9641597,,5450604,2725302,
2021-06-20,184251,35273,148978,,12551150,9676870,,5748560,2874280,
2021-06-21,118625,20205,98420,,12669775,9697075,,5945400,2972700,
2021-06-22,199535,26863,172672,,12869310,9723938,,6290744,3145372,
2021-06-23,227318,28946,198372,,13096628,9752884,,6687488,3343744,
2021-06-24,225188,26493,198695,,13321816,9779377,,7084878,3542439,
2021-06-25,246393,27611,218782,,13568209,9806988,,7522442,3761221,
2021-06-26,256260,29376,226884,,13824469,9836364,,7976210,3988105,
2021-06-27,202672,27156,175516,,14027141,9863520,,8327242,4163621,
2021-06-28,180369,19220,161149,,14207510,9882740,,8649540,4324770,
2021-06-29,265231,26532,238699,,14472741,9909272,,9126938,4563469,
2021-06-30,268397,23696,244701,,14741138,9932968,,9616340,4808170,
2021-07-01,267687,24647,243040,,15008825,9957615,,10102420,5051210,
2021-07-02,145674,10945,134729,,15154499,9968560,,10371878,5185939,
2021-07-03,210504,18937,191567,,15365003,9987497,,10755012,5377506,
2021-07-04,196068,18937,177131,,15561071,10006434,,11109274,5554637,
2021-07-05,144795,11955,132840,,15705866,10018389,,11374954,5687477,
2021-07-06,215719,19555,196164,,15921585,10037944,,11767282,5883641,
2021-07-07,204594,18588,186006,,16126179,10056532,,12139294,6069647,
2021-07-08,268884,25625,243259,,16395063,10082157,,12625812,6312906,
2021-07-09,224864,21810,203054,,16619927,10103967,,13031920,6515960,
2021-07-10,207507,20843,186664,,16827434,10124810,,13405248,6702624,
2021-07-11,170537,17215,153322,,16997971,10142025,,13711892,6855946,
2021-07-12,121653,11326,110327,,17119624,10153351,,13932546,6966273,
2021-07-13,176834,19100,157734,,17296458,10172451,,14248014,7124007,
2021-07-14,179197,19676,159521,,17475655,10192127,,14567056,7283528,
2021-07-15,166201,19803,146398,,17641856,10211930,,14859852,7429926,
2021-07-16,168616,20426,148190,,17810472,10232356,,15156232,7578116,
2021-07-17,169103,20390,148713,,17979575,10252746,,15453658,7726829,
2021-07-18,134654,15792,118862,,18114229,10268538,,15691382,7845691,
2021-07-19,91320,10306,81014,,18205549,10278844,,15853410,7926705,
2021-07-20,132963,17426,115537,,18338512,10296270,,16084484,8042242,
2021-07-21,140491,17486,123005,,18479003,10313756,,16330494,8165247,
2021-07-22,125166,17928,107238,,18604169,10331684,,16544970,8272485,
2021-07-23,120231,17583,102648,,18724400,10349267,,16750266,8375133,
2021-07-24,124261,18633,105628,,18848661,10367900,,16961522,8480761,
2021-07-25,103812,14821,88991,,18952473,10382721,,17139504,8569752,
2021-07-26,65920,9740,56180,,19018393,10392461,,17251864,8625932,
2021-07-27,92035,15856,76179,,19110428,10408317,,17404222,8702111,
2021-07-28,94116,16768,77348,,19204544,10425085,,17558918,8779459,
2021-07-29,89157,16859,72298,,19293701,10441944,,17703514,8851757,
2021-07-30,83907,16302,67605,,19377608,10458246,,17838724,8919362,
2021-07-31,81590,15314,66276,,19459198,10473560,,17971276,8985638,
2021-08-01,60583,10886,49697,,19519781,10484446,,18070670,9035335,
2021-08-02,41121,6884,34237,,19560902,10491330,,18139144,9069572,
2021-08-03,31015,5193,25822,,19591917,10496523,,18190788,9095394,
2021-08-04,60094,12086,48008,,19652011,10508609,,18286804,9143402,
2021-08-05,58213,12080,46133,,19710224,10520689,,18379070,9189535,
2021-08-06,53975,11745,42230,,19764199,10532434,,18463530,9231765,
2021-08-07,61041,12108,48933,,19825240,10544542,,18561396,9280698,
2021-08-08,46970,8715,38255,,19872210,10553257,,18637906,9318953,
2021-08-09,29949,5642,24307,,19902159,10558899,,18686520,9343260,
2021-08-10,48278,10416,37862,,19950437,10569315,,18762244,9381122,
2021-08-11,48307,10797,37510,,19998744,10580112,,18837264,9418632,
2021-08-12,49167,11136,38031,,20047911,10591248,,18913326,9456663,
2021-08-13,48682,11619,37063,,20096593,10602867,,18987452,9493726,
2021-08-14,50343,11964,38379,,20146936,10614831,,19064210,9532105,
2021-08-15,40907,9592,31315,,20187843,10624423,,19126840,9563420,
2021-08-16,26033,5947,20086,,20213876,10630370,,19167012,9583506,
2021-08-17,40626,11267,29359,,20254502,10641637,,19225730,9612865,
2021-08-18,41016,11895,29121,,20295518,10653532,,19283972,9641986,
2021-08-19,45545,16610,28935,,20341063,10670142,,19341842,9670921,
2021-08-20,45748,16384,29364,,20386811,10686526,,19400570,9700285,
2021-08-21,46629,14988,31641,,20433440,10701514,,19463852,9731926,
2021-08-22,33535,10724,22811,,20466975,10712238,,19509474,9754737,
2021-08-23,22589,6937,15652,,20489564,10719175,,19540778,9770389,
2021-08-24,36655,13230,23425,,20526219,10732405,,19587628,9793814,
2021-08-25,40254,14391,25863,,20566473,10746796,,19639354,9819677,
2021-08-26,38932,13950,24982,,20605405,10760746,,19689318,9844659,
2021-08-27,36195,12934,23261,,20641600,10773680,,19735840,9867920,
2021-08-28,37716,13171,24545,,20679316,10786851,,19784930,9892465,
2021-08-29,29695,10246,19449,,20709011,10797097,,19823828,9911914,
2021-08-30,17767,6075,11692,,20726778,10803172,,19847212,9923606,
2021-08-31,31176,11948,19228,,20757954,10815120,,19885668,9942834,
2021-09-01,34703,13201,21502,,20792657,10828321,,19928672,9964336,
2021-09-02,35152,15692,19460,,20827809,10844013,,19967592,9983796,
2021-09-03,43855,21284,22571,,20871664,10865297,,20012734,10006367,
2021-09-04,45886,21250,24636,,20917550,10886547,,20062006,10031003,
2021-09-05,32450,14361,18089,,20950000,10900908,,20098184,10049092,
2021-09-06,21325,9643,11682,,20971325,10910551,,20121548,10060774,
2021-09-07,14391,6658,7733,,20985716,10917209,,20137014,10068507,
2021-09-08,38174,17447,20727,,21023890,10934656,,20178468,10089234,
2021-09-09,38391,18043,20348,,21062281,10952699,,20219164,10109582,
2021-09-10,35844,16477,19367,,21098125,10969176,,20257898,10128949,
2021-09-11,40220,16532,23688,,21138345,10985708,,20305274,10152637,
2021-09-12,29182,11733,17449,,21167527,10997441,,20340172,10170086,
2021-09-13,15842,6616,9226,,21183369,11004057,,20358624,10179312,
2021-09-14,28657,12538,16119,,21212026,11016595,,20390862,10195431,
2021-09-15,35691,15171,20520,,21247717,11031766,,20431902,10215951,
2021-09-16,35463,15271,20192,,21283180,11047037,,20472286,10236143,
2021-09-17,35285,14865,20420,,21318465,11061902,,20513126,10256563,
2021-09-18,39210,15203,24007,,21357675,11077105,,20561140,10280570,
2021-09-19,29975,11100,18875,,21387650,11088205,,20598890,10299445,
2021-09-20,16712,6444,10268,,21404362,11094649,,20619426,10309713,
2021-09-21,30072,12593,17479,,21434434,11107242,,20654384,10327192,
2021-09-22,40596,16477,24119,,21475030,11123719,,20702622,10351311,
2021-09-23,44754,17685,27069,,21519784,11141404,,20756760,10378380,
2021-09-24,46550,18056,28494,,21566334,11159460,,20813748,10406874,
2021-09-25,47871,17194,30677,,21614205,11176654,,20875102,10437551,
2021-09-26,37645,13412,24233,,21651850,11190066,,20923568,10461784,
2021-09-27,20454,7401,13053,,21672304,11197467,,20949674,10474837,
2021-09-28,31855,12970,18885,,21704159,11210437,,20987444,10493722,
2021-09-29,38297,14916,23381,,21742456,11225353,,21034206,10517103,
2021-09-30,37553,14477,23076,,21780009,11239830,,21080358,10540179,
2021-10-01,29704,10920,18784,,21809713,11250750,,21117926,10558963,
2021-10-02,37333,12729,24604,,21847046,11263479,,21167134,10583567,
2021-10-03,23884,7994,15890,,21870930,11271473,,21198914,10599457,
2021-10-04,19255,6332,12923,,21890185,11277805,,21224760,10612380,
2021-10-05,26472,9720,16752,,21916657,11287525,,21258264,10629132,
2021-10-06,32296,12075,20221,,21948953,11299600,,21298706,10649353,
2021-10-07,25240,9514,15726,,21974193,11309114,,21330158,10665079,
2021-10-08,30575,11298,19277,,22004768,11320412,,21368712,10684356,
2021-10-09,37715,14363,23352,,22042483,11334775,,21415416,10707708,
2021-10-10,29247,10281,18966,,22071730,11345056,,21453348,10726674,
2021-10-11,12213,4324,7889,,22083943,11349380,,21469126,10734563,
2021-10-12,5512,2023,3489,,22089455,11351403,,21476104,10738052,
2021-10-13,29857,10974,18883,,22119312,11362377,,21513870,10756935,
2021-10-14,28756,10346,18410,,22148068,11372723,,21550690,10775345,
2021-10-15,29762,10338,19424,,22177830,11383061,,21589538,10794769,
2021-10-16,30369,10030,20339,,22208199,11393091,,21630216,10815108,
2021-10-17,23011,7712,15299,,22231210,11400803,,21660814,10830407,
2021-10-18,12399,4056,8343,,22243609,11404859,,21677500,10838750,
2021-10-19,21310,7551,13759,,22264919,11412410,,21705018,10852509,
2021-10-20,25284,9113,16171,,22290203,11421523,,21737360,10868680,
2021-10-21,22689,8148,14541,,22312892,11429671,,21766442,10883221,
2021-10-22,25770,8962,16808,,22338662,11438633,,21800058,10900029,
2021-10-23,27243,9041,18202,,22365905,11447674,,21836462,10918231,
2021-10-24,19285,6471,12814,,22385190,11454145,,21862090,10931045,
2021-10-25,9697,3037,6660,,22394887,11457182,,21875410,10937705,
2021-10-26,18428,6459,11969,,22413315,11463641,,21899348,10949674,
2021-10-27,21761,7388,14373,,22435076,11471029,,21928094,10964047,
2021-10-28,20408,6883,13525,,22455484,11477912,,21955144,10977572,
2021-10-29,21170,7012,14158,,22476654,11484924,,21983460,10991730,
2021-10-30,22323,7031,15292,,22498977,11491955,,22014044,11007022,
2021-10-31,15740,4995,10745,,22514717,11496950,,22035534,11017767,
2021-11-01,7427,2335,5092,,22522144,11499285,,22045718,11022859,
2021-11-02,13774,5111,8663,,22535918,11504396,,22063044,11031522,
2021-11-03,16933,6157,10776,,22552851,11510553,,22084596,11042298,
2021-11-04,16588,5850,10738,,22569439,11516403,,22106072,11053036,
2021-11-05,15901,5442,10459,,22585340,11521845,,22126990,11063495,
2021-11-06,8809,2941,5868,,22594149,11524786,,22138726,11069363,
2021-11-07,12754,4114,8640,,22606903,11528900,,22156006,11078003,
2021-11-08,17057,5428,11629,,22623960,11534328,,22179264,11089632,
2021-11-09,13049,4674,8375,,22637009,11539002,,22196014,11098007,
2021-11-10,15257,5506,9751,,22652266,11544508,,22215516,11107758,
2021-11-11,15962,5721,10241,,22668228,11550229,,22235998,11117999,
2021-11-12,13468,4804,8664,,22681696,11555033,,22253326,11126663,
2021-11-13,18138,6078,12060,,22699834,11561111,,22277446,11138723,
2021-11-14,13066,4377,8689,,22712900,11565488,,22294824,11147412,
2021-11-15,7251,2541,4710,,22720151,11568029,,22304244,11152122,
2021-11-16,13146,4765,8381,,22733297,11572794,,22321006,11160503,
2021-11-17,15040,5776,9264,,22748337,11578570,,22339534,11169767,
2021-11-18,13862,5153,8709,,22762199,11583723,,22356952,11178476,
2021-11-19,13897,5027,8870,,22776096,11588750,,22374692,11187346,
2021-11-20,15367,5559,9808,,22791463,11594309,,22394308,11197154,
2021-11-21,11404,4059,7345,,22802867,11598368,,22408998,11204499,
2021-11-22,6488,2320,4168,,22809355,11600688,,22417334,11208667,
2021-11-23,11096,4188,6908,,22820451,11604876,,22431150,11215575,
2021-11-24,12706,4948,7758,,22833157,11609824,,22446666,11223333,
2021-11-25,12566,5033,7533,,22845723,11614857,,22461732,11230866,
2021-11-26,19820,12228,7592,,22865543,11627085,,22476916,11238458,
2021-11-27,29674,22492,7182,,22895217,11649577,,22491280,11245640,
2021-11-28,33249,27900,5349,,22928466,11677477,,22501978,11250989,
2021-11-29,22442,19375,3067,,22950908,11696852,,22508112,11254056,
2021-11-30,27129,21456,5673,,22978037,11718308,,22519458,11259729,
2021-12-01,33445,26970,6475,,23011482,11745278,,22532408,11266204,
2021-12-02,33979,27915,6064,,23045461,11773193,,22544536,11272268,
2021-12-03,787013,25870,9213,,23832474,11799063,,,11281481,738075
2021-12-04,80898,28324,6544,,23913372,11827387,,,11288025,783991
2021-12-05,62989,32473,4698,,23976361,11859860,,,11292723,809671
2021-12-06,39472,19714,2983,,24015833,11879574,,,11295706,826303
2021-12-07,60631,15629,5002,,24076464,11895203,,,11300708,866170
2021-12-08,74325,20053,5511,,24150789,11915256,,,11306219,914723
2021-12-09,75093,19145,5234,,24225882,11934401,,,11311453,965209
2021-12-10,78390,18874,5425,,24304272,11953275,,,11316878,1019023
2021-12-11,83534,21224,6492,,24387806,11974499,,,11323370,1074634
2021-12-12,61920,23642,4557,,24449726,11998141,,,11327927,1108249
2021-12-13,34966,12031,2617,,24484692,12010172,,,11330544,1128482
2021-12-14,99397,9729,4268,,24584089,12019901,,,11334812,1213727
2021-12-15,127613,13684,5350,,24711702,12033585,,,11340162,1322001
2021-12-16,137803,13511,5006,,24849505,12047096,,,11345168,1441100
2021-12-17,156525,13562,5188,,25006030,12060658,,,11350356,1578642
2021-12-18,168923,14339,5351,,25174953,12074997,,,11355707,1727744
2021-12-19,140827,19047,4023,,25315780,12094044,,,11359730,1845407
2021-12-20,107158,10987,2821,,25422938,12105031,,,11362551,1938678
2021-12-21,206595,14189,4895,,25629533,12119220,,,11367446,2126049
2021-12-22,230516,15772,6073,,25860049,12134992,,,11373519,2334698
2021-12-23,253258,13878,6292,,26113307,12148870,,,11379811,2567601
2021-12-24,229743,11619,4000,,26343050,12160489,,,11383811,2770783
2021-12-25,92411,5192,5049,,26435461,12165681,,,11388860,2863624
2021-12-26,13907,502,264,,26449368,12166183,,,11389124,2876761
2021-12-27,45164,1676,1042,,26494532,12167859,,,11390166,2919190
2021-12-28,144705,7537,4590,,26639237,12175396,,,11394756,3051672
2021-12-29,176349,11006,5339,,26815586,12186402,,,11400095,3211538
2021-12-30,197280,11041,4884,,27012866,12197443,,,11404979,3392882
2021-12-31,195809,11293,5571,,27208675,12208736,,,11410550,3571791
2022-01-01,102450,7085,4968,,27311125,12215821,,,11415518,3662068
2022-01-02,22050,1328,1153,,27333175,12217149,,,11416671,3681589
2022-01-03,89188,5554,4962,,27422363,12222703,,,11421633,3760163
2022-01-04,148577,7476,6159,,27570940,12230179,,,11427792,3895067
2022-01-05,180013,9636,8682,161487,27750953,12239815,,,11436474,4056554
2022-01-06,195005,9908,8709,176118,27945958,12249723,,,11445183,4232672
2022-01-07,194093,10652,9039,174276,28140051,12260375,,,11454222,4406948
2022-01-08,184101,11129,8168,164668,28324152,12271504,,,11462390,4571616
2022-01-09,133661,11003,7466,115129,28457813,12282507,,,11469856,4686745
2022-01-10,93741,6176,4855,82633,28551554,12288683,,,11474711,4769378
2022-01-11,141693,8266,8200,125053,28693247,12296949,,,11482911,4894431
2022-01-12,159877,10661,10176,138827,28853124,12307610,,,11493087,5033258
2022-01-13,164160,11839,11195,140840,29017284,12319449,,,11504282,5174098
2022-01-14,163036,13720,12766,136327,29180320,12333169,,,11517048,5310425
2022-01-15,157357,13049,13416,130559,29337677,12346218,,,11530464,5440984
2022-01-16,117452,11471,10847,95012,29455129,12357689,,,11541311,5535996
2022-01-17,67184,6900,7060,53140,29522313,12364589,,,11548371,5589136
2022-01-18,39418,3465,3636,32176,29561731,12368054,,,11552007,5621312
2022-01-19,103143,7993,8864,85992,29664874,12376047,,,11560871,5707304
2022-01-20,104845,9177,9205,86274,29769719,12385224,,,11570076,5793578
2022-01-21,102664,8914,10567,82939,29872383,12394138,,,11580643,5876517
2022-01-22,104885,11339,14409,78828,29977268,12405477,,,11595052,5955345
2022-01-23,79025,8707,14827,55381,30056293,12414184,,,11609879,6010726
2022-01-24,43979,4357,8631,30910,30100272,12418541,,,11618510,6041636
2022-01-25,66528,6152,10847,49222,30166800,12424693,,,11629357,6090858
2022-01-26,79059,7045,15443,56428,30245859,12431738,,,11644800,6147286
2022-01-27,79322,7374,15622,56177,30325181,12439112,,,11660422,6203463
2022-01-28,77968,6988,16099,54656,30403149,12446100,,,11676521,6258119
2022-01-29,87121,8054,20024,58812,30490270,12454154,,,11696545,6316931
2022-01-30,68327,6246,21511,40485,30558597,12460400,,,11718056,6357416
2022-01-31,91134,3073,10522,22760,30649731,12463473,,,11728578,6380176
2022-02-01,57600,5382,12073,37523,30707331,12468855,,,11740651,6417699
2022-02-02,64978,6352,15508,40015,30772309,12475207,,,11756159,6457714
2022-02-03,60241,6236,14749,35809,30832550,12481443,,,11770908,6493523
2022-02-04,50432,5342,13635,28883,30882982,12486785,,,11784543,6522406
2022-02-05,66029,6250,17515,38626,30949011,12493035,,,11802058,6561032
2022-02-06,51747,4693,16878,29470,31000758,12497728,,,11818936,6590502
2022-02-07,24392,2267,8180,13587,31025150,12499995,,,11827116,6604089
2022-02-08,39608,4275,9760,23216,31064758,12504270,,,11836876,6627305
2022-02-09,40906,4559,10980,22982,31105664,12508829,,,11847856,6650287
2022-02-10,47423,5482,12292,25882,31153087,12514311,,,11860148,6676169
2022-02-11,46607,5273,13464,24204,31199694,12519584,,,11873612,6700373
2022-02-12,48320,5242,14027,26242,31248014,12524826,,,11887639,6726615
2022-02-13,37546,3493,13537,19941,31285560,12528319,,,11901176,6746556
2022-02-14,18265,1687,6554,14361,31303825,12530006,,,11907730,6760917
2022-02-15,25258,3369,7249,12954,31329083,12533375,,,11914979,6773871
2022-02-16,31735,3603,10084,15957,31360818,12536978,,,11925063,6789828
2022-02-17,32924,3921,10326,16163,31393742,12540899,,,11935389,6805991
2022-02-18,30546,3472,9403,15058,31424288,12544371,,,11944792,6821049
2022-02-19,42927,3550,10422,26822,31467215,12547921,,,11955214,6847871
2022-02-20,33700,1970,8351,22911,31500915,12549891,,,11963565,6870782
2022-02-21,17909,1177,3868,12652,31518824,12551068,,,11967433,6883434
2022-02-22,9733,704,1790,7021,31528557,12551772,,,11969223,6890455
2022-02-23,30467,2913,6944,18313,31559024,12554685,,,11976167,6908768
2022-02-24,29826,3027,7458,16797,31588850,12557712,,,11983625,6925565
2022-02-25,27452,2821,7025,15366,31616302,12560533,,,11990650,6940931
2022-02-26,29072,2681,7372,17271,31645374,12563214,,,11998022,6958202
2022-02-27,27897,1758,7658,17712,31673271,12564972,,,12005680,6975914
2022-02-28,10810,900,2787,6822,31684081,12565872,,,12008467,6982736
2022-03-01,16438,2002,4481,8726,31700519,12567874,,,12012948,6991462
2022-03-02,19014,2324,5009,10312,31719533,12570198,,,12017957,7001774
2022-03-03,17291,2140,4535,9381,31736824,12572338,,,12022492,7011155
2022-03-04,17047,1867,4687,8853,31753871,12574205,,,12027179,7020008
2022-03-05,19812,1904,5528,11093,31773683,12576109,,,12032707,7031101
2022-03-06,17554,1348,5904,9950,31791237,12577457,,,12038611,7041051
2022-03-07,6281,619,1970,3523,31797518,12578076,,,12040581,7044574
2022-03-08,9737,1305,2956,4673,31807255,12579381,,,12043537,7049247
2022-03-09,13764,1640,3782,7042,31821019,12581021,,,12047319,7056289
2022-03-10,14705,1690,4072,7222,31835724,12582711,,,12051391,7063511
2022-03-11,15097,1550,4300,7314,31850821,12584261,,,12055691,7070825
2022-03-12,16229,1600,4850,8532,31867050,12585861,,,12060541,7079357
2022-03-13,15142,1251,5087,8378,31882192,12587112,,,12065628,7087735
2022-03-14,6602,549,2328,3524,31888794,12587661,,,12067956,7091259
2022-03-15,11697,1196,3217,6316,31900491,12588857,,,12071173,7097575
2022-03-16,14803,1463,4339,7326,31915294,12590320,,,12075512,7104901
2022-03-17,14246,1415,4428,7036,31929540,12591735,,,12079940,7111937
2022-03-18,12997,1300,3621,6560,31942537,12593035,,,12083561,7118497
2022-03-19,15321,1334,4493,7990,31957858,12594369,,,12088054,7126487
2022-03-20,11936,1109,4005,6339,31969794,12595478,,,12092059,7132826
2022-03-21,5281,482,1685,2820,31975075,12595960,,,12093744,7135646
2022-03-22,8377,1097,2142,4284,31983452,12597057,,,12095886,7139930
2022-03-23,10824,1125,2682,5373,31994276,12598182,,,12098568,7145303
2022-03-24,10190,1049,2782,4701,32004466,12599231,,,12101350,7150004
2022-03-25,9928,1047,2462,4911,32014394,12600278,,,12103812,7154915
2022-03-26,11641,1184,3059,5597,32026035,12601462,,,12106871,7160512
2022-03-27,10358,1032,3586,5262,32036393,12602494,,,12110457,7165774
2022-03-28,3928,453,1243,2030,32040321,12602947,,,12111700,7167804
2022-03-29,5967,714,1540,2890,32046288,12603661,,,12113240,7170694
2022-03-30,8484,1045,2131,4019,32054772,12604706,,,12115371,7174713
2022-03-31,9457,1027,2311,4664,32064229,12605733,,,12117682,7179377
2022-04-01,9618,1048,2173,4948,32073847,12606781,,,12119855,7184325
2022-04-02,10898,1151,2438,5652,32084745,12607932,,,12122293,7189977
2022-04-03,9003,935,2581,4973,32093748,12608867,,,12124874,7194950
2022-04-04,4052,455,996,2363,32097800,12609322,,,12125870,7197313
2022-04-05,6195,745,1244,3150,32103995,12610067,,,12127114,7200463
2022-04-06,8664,902,1656,4452,32112659,12610969,,,12128770,7204915
2022-04-07,10635,1033,1953,4959,32123294,12612002,,,12130723,7209874
2022-04-08,23530,1028,1829,4895,32146824,12613030,,,12132552,7214769
2022-04-09,30444,1195,2201,6031,32177268,12614225,,,12134753,7220800
2022-04-10,24861,1074,2372,5311,32202129,12615299,,,12137125,7226111
2022-04-11,12516,410,871,2451,32214645,12615709,,,12137996,7228562
2022-04-12,28641,938,1301,3863,32243286,12616647,,,12139297,7232425
2022-04-13,38191,1174,1854,5211,32281477,12617821,,,12141151,7237636
2022-04-14,38456,1195,1913,5181,32319933,12619016,,,12143064,7242817
2022-04-15,43240,1489,2359,6876,32363173,12620505,,,12145423,7249693
2022-04-16,8229,372,595,1758,32371402,12620877,,,12146018,7251451
2022-04-17,20708,944,1909,4169,32392110,12621821,,,12147927,7255620
2022-04-18,5699,365,472,1290,32397809,12622186,,,12148399,7256910
2022-04-19,22568,705,813,3161,32420377,12622891,,,12149212,7260071
2022-04-20,40643,1240,1627,4908,32461020,12624131,,,12150839,7264979
2022-04-21,39507,1249,1875,5007,32500527,12625380,,,12152714,7269986
2022-04-22,36134,1291,1730,4501,32536661,12626671,,,12154444,7274487
2022-04-23,35549,1365,2098,5005,32572210,12628036,,,12156542,7279492
2022-04-24,20928,1088,1879,3761,32593138,12629124,,,12158421,7283253
2022-04-25,8625,542,728,1735,32601763,12629666,,,12159149,7284988
2022-04-26,25856,1059,1314,3548,32627619,12630725,,,12160463,7288536
2022-04-27,34168,1216,1625,4202,32661787,12631941,,,12162088,7292738
2022-04-28,34089,1280,1714,4224,32695876,12633221,,,12163802,7296962
2022-04-29,33077,1390,1604,4246,32728953,12634611,,,12165406,7301208
2022-04-30,30913,1133,1758,4266,32759866,12635744,,,12167164,7305474
2022-05-01,16739,829,1543,2966,32776605,12636573,,,12168707,7308440
2022-05-02,6015,354,526,1097,32782620,12636927,,,12169233,7309537
2022-05-03,22040,910,1137,2693,32804660,12637837,,,12170370,7312230
2022-05-04,30214,1059,1630,3749,32834874,12638896,,,12172000,7315979
2022-05-05,29923,1169,1418,3378,32864797,12640065,,,12173418,7319357
2022-05-06,29872,1464,1616,3208,32894669,12641529,,,12175034,7322565
2022-05-07,29471,1133,1457,3353,32924140,12642662,,,12176491,7325918
2022-05-08,16246,912,1303,2326,32940386,12643574,,,12177794,7328244
2022-05-09,6019,371,457,883,32946405,12643945,,,12178251,7329127
2022-05-10,22123,931,1005,2392,32968528,12644876,,,12179256,7331519
2022-05-11,30290,1208,1503,2984,32998818,12646084,,,12180759,7334503
2022-05-12,29173,1120,1380,2771,33027991,12647204,,,12182139,7337274
2022-05-13,28144,1159,1409,2689,33056135,12648363,,,12183548,7339963
2022-05-14,26481,1081,1389,2762,33082616,12649444,,,12184937,7342725
2022-05-15,14929,794,1251,2051,33097545,12650238,,,12186188,7344776
2022-05-16,6658,409,569,1037,33104203,12650647,,,12186757,7345813
2022-05-17,20176,747,997,1944,33124379,12651394,,,12187754,7347757
2022-05-18,27019,1168,1357,2466,33151398,12652562,,,12189111,7350223
2022-05-19,25175,938,1428,2366,33176573,12653500,,,12190539,7352589
2022-05-20,24952,1084,1434,2449,33201525,12654584,,,12191973,7355038
2022-05-21,23398,936,1359,2590,33224923,12655520,,,12193332,7357628
2022-05-22,10568,594,907,1474,33235491,12656114,,,12194239,7359102
2022-05-23,4692,287,470,769,33240183,12656401,,,12194709,7359871
2022-05-24,2775,128,165,472,33242958,12656529,,,12194874,7360343
2022-05-25,19987,906,1184,2109,33262945,12657435,,,12196058,7362452
2022-05-26,21100,825,1106,2057,33284045,12658260,,,12197164,7364509
2022-05-27,22490,1052,1314,2277,33306535,12659312,,,12198478,7366786
2022-05-28,20145,955,1343,2292,33326680,12660267,,,12199821,7369078
2022-05-29,12158,803,1249,1737,33338838,12661070,,,12201070,7370815
2022-05-30,4719,343,621,763,33343557,12661413,,,12201691,7371578
2022-05-31,14540,887,1101,1796,33358097,12662300,,,12202792,7373374
2022-06-01,17293,899,1161,2041,33375390,12663199,,,12203953,7375415
2022-06-02,15179,823,1127,1803,33390569,12664022,,,12205080,7377218
2022-06-03,16984,941,1297,2031,33407553,12664963,,,12206377,7379249
2022-06-04,14204,892,1351,2001,33421757,12665855,,,12207728,7381250
2022-06-05,7877,627,1111,1381,33429634,12666482,,,12208839,7382631
2022-06-06,3411,265,460,623,33433045,12666747,,,12209299,7383254
2022-06-07,11757,699,992,1483,33444802,12667446,,,12210291,7384737
2022-06-08,14769,906,1272,1766,33459571,12668352,,,12211563,7386503
2022-06-09,13556,807,985,1608,33473127,12669159,,,12212548,7388111
2022-06-10,14471,857,1121,1747,33487598,12670016,,,12213669,7389858
2022-06-11,13222,755,1077,1798,33500820,12670771,,,12214746,7391656
2022-06-12,8235,713,1301,1442,33509055,12671484,,,12216047,7393098
2022-06-13,3304,347,451,703,33512359,12671831,,,12216498,7393801
2022-06-14,10419,638,698,1248,33522778,12672469,,,12217196,7395049
2022-06-15,13942,645,964,1617,33536720,12673114,,,12218160,7396666
2022-06-16,12946,682,930,1578,33549666,12673796,,,12219090,7398244
2022-06-17,12231,619,952,1645,33561897,12674415,,,12220042,7399889
2022-06-18,12241,659,1004,1840,33574138,12675074,,,12221046,7401729
2022-06-19,7137,563,896,1384,33581275,12675637,,,12221942,7403113
2022-06-20,2364,188,316,627,33583639,12675825,,,12222258,7403740
2022-06-21,10244,580,716,1387,33593883,12676405,,,12222974,7405127
2022-06-22,13986,588,819,1697,33607869,12676993,,,12223793,7406824
2022-06-23,14470,581,892,1626,33622339,12677574,,,12224685,7408450
2022-06-24,16011,588,875,1686,33638350,12678162,,,12225560,7410136
2022-06-25,14965,601,1002,1629,33653315,12678763,,,12226562,7411765
2022-06-26,8233,452,870,1257,33661548,12679215,,,12227432,7413022
2022-06-27,3282,195,406,561,33664830,12679410,,,12227838,7413583
2022-06-28,10107,525,588,1173,33674937,12679935,,,12228426,7414756
2022-06-29,14000,602,874,1652,33688937,12680537,,,12229300,7416408
2022-06-30,12455,612,2078,4105,33701392,12681149,,,12231378,7420513
2022-07-01,13580,750,1163,1288,33714972,12681899,,,12232541,7421801
2022-07-02,1887,158,202,373,33716859,12682057,,,12232743,7422174
2022-07-03,5095,293,459,942,33721954,12682350,,,12233202,7423116
2022-07-04,2856,146,285,610,33724810,12682496,,,12233487,7423726
2022-07-05,11404,475,666,1731,33736214,12682971,,,12234153,7425457
2022-07-06,16773,840,1168,2222,33752987,12683811,,,12235321,7427679
2022-07-07,16303,720,1082,2171,33769290,12684531,,,12236403,7429850
2022-07-08,18094,686,980,2430,33787384,12685217,,,12237383,7432280
2022-07-09,14315,670,884,2095,33801699,12685887,,,12238267,7434375
2022-07-10,7875,368,487,1152,33809574,12686255,,,12238754,7435527
2022-07-11,4294,248,354,876,33813868,12686503,,,12239108,7436403
2022-07-12,12953,571,719,1825,33826821,12687074,,,12239827,7438228
2022-07-13,17490,888,1083,2296,33844311,12687962,,,12240910,7440524
2022-07-14,17235,658,844,2132,33861546,12688620,,,12241754,7442656
2022-07-15,29435,846,1039,2343,33890981,12689466,,,12242793,7444999
2022-07-16,30843,879,981,2518,33921824,12690345,,,12243774,7447517
2022-07-17,22884,620,647,1849,33944708,12690965,,,12244421,7449366
2022-07-18,11363,228,255,844,33956071,12691193,,,12244676,7450210
2022-07-19,29457,818,813,2293,33985528,12692011,,,12245489,7452503
2022-07-20,37952,1091,1171,2723,34023480,12693102,,,12246660,7455226
2022-07-21,37000,1118,1144,2953,34060480,12694220,,,12247804,7458179
2022-07-22,36750,1279,1333,2942,34097230,12695499,,,12249137,7461121
2022-07-23,35361,1084,1151,2942,34132591,12696583,,,12250288,7464063
2022-07-24,21961,694,793,1720,34154552,12697277,,,12251081,7465783
2022-07-25,12033,396,311,1034,34166585,12697673,,,12251392,7466817
2022-07-26,26711,928,876,2335,34193296,12698601,,,12252268,7469152
2022-07-27,33617,1213,1232,2905,34226913,12699814,,,12253500,7472057
2022-07-28,32094,1088,1180,2800,34259007,12700902,,,12254680,7474857
2022-07-29,30665,2098,1148,2749,34289672,12703000,,,12255828,7477606
2022-07-30,7903,974,335,673,34297575,12703974,,,12256163,7478279
2022-07-31,19123,1878,713,1966,34316698,12705852,,,12256876,7480245
2022-08-01,14344,1161,562,1508,34331042,12707013,,,12257438,7481753
2022-08-02,7196,439,245,767,34338238,12707452,,,12257683,7482520
2022-08-03,6545,657,261,729,34344783,12708109,,,12257944,7483249
2022-08-04,43205,5344,1824,4312,34387988,12713453,,,12259768,7487561
2022-08-05,22599,3002,1025,2219,34410587,12716455,,,12260793,7489780
2022-08-06,20293,3189,891,2098,34430880,12719644,,,12261684,7491878
2022-08-07,12699,2303,587,1368,34443579,12721947,,,12262271,7493246
2022-08-08,4908,600,216,606,34448487,12722547,,,12262487,7493852
2022-08-09,21002,1651,740,1689,34469489,12724198,,,12263227,7495541
2022-08-10,20126,2707,1058,2123,34489615,12726905,,,12264285,7497664
2022-08-11,17743,2269,997,1973,34507358,12729174,,,12265282,7499637
2022-08-12,17929,2361,1019,2012,34525287,12731535,,,12266301,7501649
2022-08-13,16393,2325,983,1859,34541680,12733860,,,12267284,7503508
2022-08-14,9733,1707,647,1066,34551413,12735567,,,12267931,7504574
2022-08-15,3934,432,280,457,34555347,12735999,,,12268211,7505031
2022-08-16,11762,1396,827,1505,34567109,12737395,,,12269038,7506536
2022-08-17,2763,302,188,295,34569872,12737697,,,12269226,7506831
2022-08-18,24478,3082,1485,2770,34594350,12740779,,,12270711,7509601
2022-08-19,22052,3019,1463,2327,34616402,12743798,,,12272174,7511928
2022-08-20,14919,1889,938,1606,34631321,12745687,,,12273112,7513534
2022-08-21,6802,1043,427,708,34638123,12746730,,,12273539,7514242
2022-08-22,7607,1081,522,952,34645730,12747811,,,12274061,7515194
2022-08-23,11823,1447,772,1529,34657553,12749258,,,12274833,7516723
2022-08-24,15818,2187,1167,2188,34673371,12751445,,,12276000,7518911
2022-08-25,13788,1759,1193,2489,34687159,12753204,,,12277193,7521400
2022-08-26,15320,2053,1088,2287,34702479,12755257,,,12278281,7523687
2022-08-27,12889,1700,1031,2041,34715368,12756957,,,12279312,7525728
2022-08-28,8103,1360,646,1364,34723471,12758317,,,12279958,7527092
2022-08-29,3485,539,306,673,34726956,12758856,,,12280264,7527765
2022-08-30,10840,1427,921,1995,34737796,12760283,,,12281185,7529760
2022-08-31,14275,1880,1154,2427,34752071,12762163,,,12282339,7532187
2022-09-01,13857,1988,1228,2308,34765928,12764151,,,12283567,7534495
2022-09-02,15634,1803,1168,4961,34781562,12765954,,,12284735,7539456
2022-09-03,15355,1751,1116,5544,34796917,12767705,,,12285851,7545000
2022-09-04,8836,1100,681,3217,34805753,12768805,,,12286532,7548217
2022-09-05,3567,360,235,1358,34809320,12769165,,,12286767,7549575
2022-09-06,2486,177,117,1108,34811806,12769342,,,12286884,7550683
2022-09-07,11671,1315,830,3564,34823477,12770657,,,12287714,7554247
2022-09-08,11649,1302,788,2906,34835126,12771959,,,12288502,7557153
2022-09-09,10362,1242,744,2617,34845488,12773201,,,12289246,7559770
2022-09-10,11305,1498,790,3220,34856793,12774699,,,12290036,7562990
2022-09-11,9405,1068,678,3665,34866198,12775767,,,12290714,7566655
2022-09-12,3187,328,227,1086,34869385,12776095,,,12290941,7567741
2022-09-13,6762,766,637,1388,34876147,12776861,,,12291578,7569129
2022-09-14,15090,1021,679,2035,34891237,12777882,,,12292257,7571164
2022-09-15,16624,1099,746,1743,34907861,12778981,,,12293003,7572907
2022-09-16,18500,1026,683,1861,34926361,12780007,,,12293686,7574768
2022-09-17,17599,1080,713,2075,34943960,12781087,,,12294399,7576843
2022-09-18,11732,720,475,1384,34955692,12781807,,,12294874,7578227
2022-09-19,4950,425,301,669,34960642,12782232,,,12295175,7578896
2022-09-20,14280,647,542,1056,34974922,12782879,,,12295717,7579952
2022-09-21,23531,926,688,1672,34998453,12783805,,,12296405,7581624
2022-09-22,23123,980,745,1508,35021576,12784785,,,12297150,7583132
2022-09-23,23697,986,863,1560,35045273,12785771,,,12298013,7584692
2022-09-24,22122,1012,941,1662,35067395,12786783,,,12298954,7586354
2022-09-25,11383,660,726,1337,35078778,12787443,,,12299680,7587691
2022-09-26,4502,218,223,591,35083280,12787661,,,12299903,7588282
2022-09-27,37846,715,616,1648,35121126,12788376,,,12300519,7589930
2022-09-28,51172,1022,959,2105,35172298,12789398,,,12301478,7592035
2022-09-29,48280,1008,1053,2038,35220578,12790406,,,12302531,7594073
2022-09-30,47786,934,1035,2128,35268364,12791340,,,12303566,7596201
2022-10-01,34649,646,715,1630,35303013,12791986,,,12304281,7597831
2022-10-02,24584,808,1048,1709,35327597,12792794,,,12305329,7599540
2022-10-03,10980,255,241,604,35338577,12793049,,,12305570,7600144
2022-10-04,32811,725,750,1355,35371388,12793774,,,12306320,7601499
2022-10-05,40410,880,1051,1722,35411798,12794654,,,12307371,7603221
2022-10-06,38827,947,986,1753,35450625,12795601,,,12308357,7604974
2022-10-07,42869,984,1168,1999,35493494,12796585,,,12309525,7606973
2022-10-08,38439,1041,1407,2283,35531933,12797626,,,12310932,7609256
2022-10-09,19068,401,739,1535,35551001,12798027,,,12311671,7610791
2022-10-10,7153,216,388,552,35558154,12798243,,,12312059,7611343
2022-10-11,5157,143,125,339,35563311,12798386,,,12312184,7611682
2022-10-12,35426,856,975,1592,35598737,12799242,,,12313159,7613274
2022-10-13,37162,975,1202,1795,35635899,12800217,,,12314361,7615069
2022-10-14,37583,871,1021,1699,35673482,12801088,,,12315382,7616768
2022-10-15,33627,860,1162,1806,35707109,12801948,,,12316544,7618574
2022-10-16,24456,626,846,1314,35731565,12802574,,,12317390,7619888
2022-10-17,11209,287,387,602,35742774,12802861,,,12317777,7620490
2022-10-18,32608,833,1127,1752,35775382,12803694,,,12318904,7622242
2022-10-19,50024,920,1049,2167,35825406,12804614,,,12319953,7624409
2022-10-20,51254,908,937,2190,35876660,12805522,,,12320890,7626599
2022-10-21,41209,655,610,1373,35917869,12806177,,,12321500,7627972
2022-10-22,62473,1215,1379,3114,35980342,12807392,,,12322879,7631086
2022-10-23,31484,632,827,2161,36011826,12808024,,,12323706,7633247
2022-10-24,14616,272,289,974,36026442,12808296,,,12323995,7634221
2022-10-25,41020,660,647,1882,36067462,12808956,,,12324642,7636103
2022-10-26,52698,897,938,2261,36120160,12809853,,,12325580,7638364
2022-10-27,50854,906,1066,2345,36171014,12810759,,,12326646,7640709
2022-10-28,50131,845,999,2290,36221145,12811604,,,12327645,7642999
2022-10-29,52003,972,1014,2344,36273148,12812576,,,12328659,7645343
2022-10-30,28939,723,968,1982,36302087,12813299,,,12329627,7647325
2022-10-31,13063,249,269,782,36315150,12813548,,,12329896,7648107
2022-11-01,34273,578,498,1361,36349423,12814126,,,12330394,7649468
2022-11-02,44447,845,887,2015,36393870,12814971,,,12331281,7651483
2022-11-03,44339,797,866,1964,36438209,12815768,,,12332147,7653447
2022-11-04,45344,950,819,2140,36483553,12816718,,,12332966,7655587
2022-11-05,45750,896,1023,2464,36529303,12817614,,,12333989,7658051
2022-11-06,26838,620,780,2101,36556141,12818234,,,12334769,7660152
2022-11-07,11270,286,252,874,36567411,12818520,,,12335021,7661026
2022-11-08,33870,700,647,1703,36601281,12819220,,,12335668,7662729
2022-11-09,40816,792,778,2045,36642097,12820012,,,12336446,7664774
2022-11-10,39849,844,763,2015,36681946,12820856,,,12337209,7666789
2022-11-11,43407,792,778,2245,36725353,12821648,,,12337987,7669034
2022-11-12,37015,838,824,2200,36762368,12822486,,,12338811,7671234
2022-11-13,24703,621,798,2236,36787071,12823107,,,12339609,7673470
2022-11-14,11302,266,210,1014,36798373,12823373,,,12339819,7674484
2022-11-15,34283,725,671,1862,36832656,12824098,,,12340490,7676346
2022-11-16,44128,1025,844,2512,36876784,12825123,,,12341334,7678858
2022-11-17,38780,910,864,2323,36915564,12826033,,,12342198,7681181
2022-11-18,41542,993,791,2428,36957106,12827026,,,12342989,7683609
2022-11-19,0,0,0,0,36957106,12827026,,,12342989,7683609
2022-11-20,63059,2004,2020,5523,37020165,12829030,,,12345009,7689132
2022-11-21,9158,211,206,980,37029323,12829241,,,12345215,7690112
2022-11-22,27328,663,580,1602,37056651,12829904,,,12345795,7691714
2022-11-23,32668,927,938,2197,37089319,12830831,,,12346733,7693911
2022-11-24,32602,902,978,2169,37121921,12831733,,,12347711,7696080
2022-11-25,31730,1011,1113,2047,37153651,12832744,,,12348824,7698127
2022-11-26,30704,1124,1423,2760,37184355,12833868,,,12350247,7700887
2022-11-27,19193,681,966,2079,37203548,12834549,,,12351213,7702966
2022-11-28,7709,240,293,768,37211257,12834789,,,12351506,7703734
2022-11-29,21888,637,668,1434,37233145,12835426,,,12352174,7705168
2022-11-30,28864,864,944,1927,37262009,12836290,,,12353118,7707095
2022-12-01,29944,770,909,14812,37291953,12837060,,,12354027,7721907
2022-12-02,25741,750,881,1923,37317694,12837810,,,12354908,7723830
2022-12-04,,,,,37359010,12839112,,,12356451,7727560
2022-12-05,6911,187,161,737,37365921,12839299,,,12356612,7728297
2022-12-06,0,0,0,0,37365921,12839299,,,12356612,7728297
2022-12-07,46106,1335,1326,3259,37412027,12840634,,,12357938,7731556
2022-12-08,0,0,0,0,37412027,12840634,,,12357938,7731556
2022-12-09,47671,1512,1402,3600,37459698,12842146,,,12359340,7735156
2022-12-10,22925,684,756,1683,37482623,12842830,,,12360096,7736839
2022-12-11,14728,615,818,1625,37497351,12843445,,,12360914,7738464
2022-12-12,5678,162,161,606,37503029,12843607,,,12361075,7739070
2022-12-13,0,0,0,0,37503029,12843607,,,12361075,7739070
2022-12-14,40429,1310,1360,2799,37543458,12844917,,,12362435,7741869
2022-12-15,0,0,0,0,37543458,12844917,,,12362435,7741869
2022-12-16,39258,1253,1358,2801,37582716,12846170,,,12363793,7744670
2022-12-17,0,0,0,0,37582716,12846170,,,12363793,7744670
2022-12-18,32414,1341,1529,2664,37615130,12847511,,,12365322,7747334
2022-12-19,4833,155,110,446,37619963,12847666,,,12365432,7747780
2022-12-20,16347,655,635,1152,37636310,12848321,,,12366067,7748932
2022-12-21,18672,688,644,1400,37654982,12849009,,,12366711,7750332
2022-12-22,19442,809,821,1835,37674424,12849818,,,12367532,7752167
