Mild,Severe
0.700116388,0.945564993
0.699560219,0.945239247
0.699001827,0.944910695
0.698441208,0.944579319
0.697878361,0.944245102
0.697313284,0.943908026
0.696745975,0.943568074
0.696176433,0.943225229
0.695604655,0.942879474
0.69503064,0.94253079
0.694454387,0.942179161
0.693875894,0.94182457
0.693295159,0.941466999
0.692712182,0.941106431
0.69212696,0.94074285
0.691539493,0.940376238
0.690949779,0.940006577
0.690357818,0.939633852
0.689763607,0.939258044
0.689167146,0.938879138
0.688568435,0.938497115
0.687967471,0.93811196
0.687364255,0.937723656
0.686758785,0.937332186
0.686151061,0.936937532
0.685541082,0.936539679
0.684928847,0.93613861
0.684314356,0.935734309
0.683697608,0.935326758
0.683078603,0.934915943
0.682457341,0.934501845
0.681833821,0.93408445
0.681208043,0.93366374
0.680580006,0.9332397
0.679949712,0.932812315
0.679317159,0.932381567
0.678682347,0.931947441
0.678045277,0.931509921
0.67740595,0.931068992
0.676764364,0.930624637
0.67612052,0.930176842
0.675474419,0.929725591
0.674826061,0.929270869
0.674175447,0.92881266
0.673522577,0.92835095
0.672867451,0.927885722
0.672210071,0.927416963
0.671550437,0.926944658
0.670888549,0.926468791
0.670224409,0.925989348
0.669558018,0.925506315
0.668889377,0.925019677
0.668218486,0.92452942
0.667545347,0.92403553
0.666869961,0.923537993
0.66619233,0.923036794
0.665512454,0.922531921
0.664830335,0.922023359
0.664145975,0.921511094
0.663459375,0.920995115
0.662770536,0.920475406
0.662079461,0.919951956
0.661386151,0.919424751
0.660690608,0.918893778
0.659992834,0.918359024
0.659292831,0.917820478
0.658590601,0.917278126
0.657886145,0.916731957
0.657179467,0.916181958
0.656470568,0.915628117
0.655759451,0.915070423
0.655046118,0.914508863
0.654330572,0.913943427
0.653612814,0.913374104
0.652892848,0.912800881
0.652170677,0.912223748
0.651446303,0.911642695
0.650719729,0.91105771
0.649990957,0.910468784
0.649259991,0.909875905
0.648526834,0.909279065
0.647791489,0.908678252
0.647053959,0.908073458
0.646314248,0.907464672
0.645572358,0.906851886
0.644828292,0.90623509
0.644082056,0.905614276
0.643333651,0.904989434
0.642583082,0.904360556
0.641830353,0.903727634
0.641075466,0.903090659
0.640318427,0.902449624
0.639559238,0.901804521
0.638797904,0.901155342
0.638034428,0.90050208
0.637268816,0.899844728
0.636501071,0.899183279
0.635731197,0.898517726
0.634959199,0.897848064
0.63418508,0.897174285
0.633408847,0.896496384
0.632630503,0.895814354
0.631850052,0.895128191
0.6310675,0.894437889
0.630282851,0.893743443
0.62949611,0.893044848
0.628707283,0.8923421
0.627916373,0.891635194
0.627123386,0.890924126
0.626328328,0.890208891
0.625531203,0.889489488
0.624732017,0.888765911
0.623930775,0.888038158
0.623127482,0.887306226
0.622322144,0.886570113
0.621514767,0.885829815
0.620705356,0.885085331
0.619893918,0.884336659
0.619080456,0.883583797
0.618264979,0.882826744
0.617447491,0.882065499
0.616627999,0.88130006
0.615806508,0.880530428
0.614983025,0.879756602
0.614157557,0.878978581
0.613330108,0.878196367
0.612500687,0.877409959
0.611669298,0.876619358
0.610835949,0.875824566
0.610000647,0.875025583
0.609163397,0.874222412
0.608324208,0.873415053
0.607483084,0.87260351
0.606640034,0.871787785
0.605795065,0.870967879
0.604948182,0.870143797
0.604099394,0.869315542
0.603248708,0.868483116
0.602396131,0.867646525
0.601541669,0.866805771
0.600685332,0.86596086
0.599827125,0.865111796
0.598967056,0.864258584
0.598105134,0.86340123
0.597241365,0.862539738
0.596375758,0.861674116
0.59550832,0.860804368
0.594639059,0.859930501
0.593767983,0.859052523
0.5928951,0.85817044
0.592020418,0.85728426
0.591143945,0.85639399
0.590265689,0.855499638
0.58938566,0.854601212
0.588503864,0.853698721
0.587620311,0.852792174
0.586735009,0.85188158
0.585847966,0.850966949
0.584959191,0.850048289
0.584068693,0.849125612
0.58317648,0.848198927
0.582282562,0.847268245
0.581386947,0.846333577
0.580489644,0.845394935
0.579590662,0.84445233
0.57869001,0.843505773
0.577787698,0.842555278
0.576883734,0.841600856
0.575978128,0.84064252
0.575070889,0.839680284
0.574162027,0.838714161
0.57325155,0.837744164
0.572339469,0.836770307
0.571425793,0.835792606
0.570510532,0.834811073
0.569593696,0.833825726
0.568675293,0.832836577
0.567755335,0.831843644
0.566833831,0.830846942
0.56591079,0.829846487
0.564986224,0.828842296
0.564060141,0.827834385
0.563132553,0.826822772
0.562203469,0.825807473
0.561272899,0.824788506
0.560340855,0.82376589
0.559407346,0.822739643
0.558472382,0.821709782
0.557535975,0.820676328
0.556598135,0.819639299
0.555658872,0.818598714
0.554718197,0.817554594
0.553776121,0.816506959
0.552832654,0.815455828
0.551887808,0.814401223
0.550941593,0.813343164
0.54999402,0.812281672
0.549045101,0.81121677
0.548094846,0.810148478
0.547143266,0.80907682
0.546190373,0.808001817
0.545236178,0.806923492
0.544280692,0.805841868
0.543323926,0.804756968
0.542365892,0.803668816
0.541406601,0.802577435
0.540446065,0.80148285
0.539484295,0.800385085
0.538521303,0.799284165
0.5375571,0.798180114
0.536591698,0.797072958
0.535625109,0.795962722
0.534657345,0.794849432
0.533688417,0.793733114
0.532718338,0.792613794
0.531747119,0.791491499
0.530774772,0.790366255
0.529801309,0.78923809
0.528826742,0.78810703
0.527851084,0.786973104
0.526874346,0.785836339
0.525896541,0.784696763
0.524917681,0.783554405
0.523937778,0.782409294
0.522956845,0.781261457
0.521974894,0.780110924
0.520991937,0.778957725
0.520007987,0.777801889
0.519023056,0.776643445
0.518037157,0.775482425
0.517050302,0.774318857
0.516062505,0.773152773
0.515073777,0.771984203
0.514084132,0.770813179
0.513093581,0.76963973
0.512102139,0.76846389
0.511109817,0.767285689
0.510116629,0.76610516
0.509122587,0.764922333
0.508127705,0.763737243
0.507131994,0.76254992
0.506135469,0.761360398
0.505138143,0.76016871
0.504140027,0.758974888
0.503141137,0.757778966
0.502141483,0.756580978
0.501141081,0.755380956
0.500139942,0.754178936
0.49913808,0.752974951
0.498135509,0.751769034
0.497132241,0.750561222
0.496128291,0.749351547
0.49512367,0.748140045
0.494118393,0.746926752
0.493112474,0.745711701
0.492105924,0.744494928
0.491098759,0.743276469
0.490090991,0.742056359
0.489082633,0.740834634
0.4880737,0.739611329
0.487064205,0.738386482
0.486054161,0.737160127
0.485043583,0.735932302
0.484032483,0.734703042
0.483020875,0.733472385
0.482008773,0.732240367
0.480996191,0.731007025
0.479983143,0.729772396
0.478969641,0.728536516
0.4779557,0.727299424
0.476941334,0.726061157
0.475926556,0.724821751
0.47491138,0.723581245
0.47389582,0.722339677
0.472879889,0.721097083
0.471863603,0.719853502
0.470846973,0.718608972
0.469830015,0.717363531
0.468812743,0.716117216
0.467795169,0.714870067
0.466777308,0.713622121
0.465759175,0.712373418
0.464740782,0.711123994
0.463722144,0.709873889
0.462703274,0.708623142
0.461684188,0.707371791
0.460664898,0.706119874
0.459645418,0.704867431
0.458625764,0.7036145
0.457605948,0.70236112
0.456585985,0.70110733
0.455565888,0.69985317
0.454545672,0.698598677
0.453525351,0.69734389
0.452504939,0.69608885
0.451484449,0.694833595
0.450463896,0.693578164
0.449443294,0.692322596
0.448422657,0.69106693
0.447401999,0.689811205
0.446381334,0.688555461
0.445360676,0.687299737
0.444340039,0.686044071
0.443319437,0.684788503
0.442298884,0.683533072
0.441278395,0.682277816
0.440257982,0.681022776
0.439237661,0.67976799
0.438217445,0.678513497
0.437197349,0.677259336
0.436177386,0.676005546
0.43515757,0.674752167
0.434137915,0.673499236
0.433118436,0.672246793
0.432099146,0.670994876
0.431080059,0.669743525
0.43006119,0.668492777
0.429042552,0.667242673
0.428024159,0.665993249
0.427006025,0.664744545
0.425988164,0.6634966
0.424970591,0.66224945
0.423953318,0.661003136
0.42293636,0.659757695
0.421919731,0.658513165
0.420903444,0.657269584
0.419887514,0.65602699
0.418871954,0.654785421
0.417856778,0.653544915
0.416842,0.65230551
0.415827633,0.651067242
0.414813692,0.64983015
0.413800191,0.648594271
0.412787142,0.647359642
0.41177456,0.646126299
0.410762458,0.644894281
0.409750851,0.643663624
0.408739751,0.642434365
0.407729172,0.641206539
0.406719128,0.639980185
0.405709633,0.638755337
0.4047007,0.637532033
0.403692343,0.636310308
0.402684575,0.635090198
0.401677409,0.633871739
0.40067086,0.632654966
0.39966494,0.631439915
0.398659663,0.630226621
0.397655043,0.62901512
0.396651092,0.627805445
0.395647824,0.626597632
0.394645253,0.625391716
0.393643391,0.624187731
0.392642253,0.62298571
0.39164185,0.621785689
0.390642197,0.620587701
0.389643306,0.619391779
0.388645191,0.618197957
0.387647864,0.617006269
0.386651339,0.615816747
0.385655629,0.614629424
0.384660746,0.613444333
0.383666705,0.612261507
0.382673516,0.611080977
0.381681195,0.609902776
0.380689752,0.608726936
0.379699202,0.607553488
0.378709556,0.606382464
0.377720828,0.605213894
0.376733031,0.60404781
0.375746176,0.602884242
0.374760277,0.601723221
0.373775347,0.600564778
0.372791396,0.599408942
0.37180844,0.598255742
0.370826488,0.59710521
0.369845555,0.595957373
0.368865652,0.594812261
0.367886792,0.593669903
0.366908987,0.592530328
0.36593225,0.591393563
0.364956591,0.590259637
0.363982025,0.589128577
0.363008562,0.588000412
0.362036215,0.586875168
0.361064995,0.585752872
0.360094916,0.584633552
0.359125988,0.583517234
0.358158224,0.582403944
0.357191635,0.581293708
0.356226233,0.580186552
0.355262031,0.579082501
0.354299038,0.577981581
0.353337269,0.576883816
0.352376732,0.575789231
0.351417442,0.574697851
0.350459407,0.573609699
0.349502642,0.572524799
0.348547155,0.571443175
0.34759296,0.57036485
0.346640067,0.569289847
0.345688487,0.568218188
0.344738232,0.567149897
0.343789313,0.566084995
0.34284174,0.565023503
0.341895526,0.563965444
0.340950679,0.562910839
0.340007213,0.561859708
0.339065137,0.560812072
0.338124462,0.559767952
0.337185199,0.558727368
0.336247358,0.557690339
0.335310951,0.556656884
0.334375988,0.555627024
0.333442478,0.554600777
0.332510434,0.553578161
0.331579865,0.552559194
0.330650781,0.551543895
0.329723192,0.550532282
0.32879711,0.549524371
0.327872543,0.548520179
0.326949503,0.547519724
0.326027998,0.546523022
0.32510804,0.545530089
0.324189638,0.544540941
0.323272801,0.543555593
0.32235754,0.542574061
0.321443864,0.541596359
0.320531783,0.540622503
0.319621307,0.539652506
0.318712444,0.538686383
0.317805205,0.537724146
0.316899599,0.536765811
0.315995635,0.535811389
0.315093323,0.534860893
0.314192671,0.533914337
0.31329369,0.532971732
0.312396386,0.532033089
0.311500771,0.531098422
0.310606853,0.53016774
0.30971464,0.529241055
0.308824142,0.528318378
0.307935368,0.527399718
0.307048325,0.526485086
0.306163022,0.525574492
0.305279469,0.524667945
0.304397674,0.523765455
0.303517644,0.522867029
0.302639388,0.521972677
0.301762916,0.521082407
0.300888234,0.520196226
0.300015351,0.519314143
0.299144275,0.518436165
0.298275014,0.517562299
0.297407576,0.516692551
0.296541968,0.515826928
0.2956782,0.514965437
0.294816277,0.514108082
0.293956209,0.51325487
0.293098002,0.512405806
0.292241664,0.511560895
0.291387203,0.510720142
0.290534625,0.50988355
0.289683939,0.509051125
0.288835151,0.508222869
0.287988269,0.507398787
0.287143299,0.506578882
0.286300249,0.505763156
0.285459126,0.504951613
0.284619936,0.504144255
0.283782686,0.503341083
0.282947384,0.502542101
0.282114035,0.501747308
0.281282647,0.500956708
0.280453225,0.5001703
0.279625777,0.499388086
0.278800308,0.498610065
0.277976825,0.497836239
0.277155334,0.497066606
0.276335842,0.496301168
0.275518354,0.495539923
0.274702877,0.494782869
0.273889416,0.494030008
0.273077977,0.493281335
0.272268566,0.492536852
0.271461189,0.491796554
0.270655851,0.49106044
0.269852559,0.490328508
0.269051317,0.489600756
0.26825213,0.488877179
0.267455005,0.488157775
0.266659947,0.487442541
0.26586696,0.486731473
0.265076051,0.486024567
0.264287223,0.485321818
0.263500482,0.484623223
0.262715833,0.483928777
0.261933281,0.483238475
0.261152831,0.482552312
0.260374486,0.481870283
0.259598253,0.481192382
0.258824135,0.480518603
0.258052137,0.47984894
0.257282263,0.479183388
0.256514517,0.478521939
0.255748905,0.477864587
0.25498543,0.477211325
0.254224096,0.476562146
0.253464907,0.475917043
0.252707867,0.475276008
0.25195298,0.474639033
0.251200251,0.474006111
0.250449682,0.473377233
0.249701277,0.472752391
0.248955041,0.472131576
0.248210976,0.471514781
0.247469086,0.470901994
0.246729374,0.470293209
0.245991844,0.469688415
0.245256499,0.469087602
0.244523342,0.468490761
0.243792376,0.467897883
0.243063605,0.467308956
0.24233703,0.466723972
0.241612656,0.466142918
0.240890485,0.465565786
0.240170519,0.464992563
0.239452762,0.464423239
0.238737215,0.463857803
0.238023882,0.463296244
0.237312765,0.46273855
0.236603866,0.462184709
0.235897188,0.46163471
0.235192733,0.461088541
0.234490502,0.460546189
0.233790499,0.460007642
0.233092725,0.459472889
0.232397182,0.458941916
0.231703872,0.458414711
0.231012797,0.45789126
0.230323959,0.457371552
0.229637359,0.456855572
0.228952998,0.456343308
0.228270879,0.455834746
0.227591004,0.455329873
0.226913372,0.454828674
0.226237986,0.454331137
0.225564847,0.453837246
0.224893957,0.45334699
0.224225315,0.452860352
0.223558924,0.452377318
0.222894784,0.451897876
0.222232897,0.451422009
0.221573262,0.450949703
0.220915882,0.450480944
0.220260756,0.450015717
0.219607886,0.449554006
0.218957272,0.449095797
0.218308914,0.448641075
0.217662813,0.448189824
0.21701897,0.447742029
0.216377384,0.447297675
0.215738056,0.446856746
0.215100986,0.446419226
0.214466175,0.4459851
0.213833622,0.445554352
0.213203327,0.445126966
0.212575291,0.444702927
0.211949513,0.444282217
0.211325992,0.443864822
0.21070473,0.443450724
0.210085725,0.443039908
0.209468978,0.442632358
0.208854487,0.442228056
0.208242252,0.441826987
0.207632273,0.441429135
0.207024548,0.441034481
0.206419078,0.440643011
0.205815862,0.440254706
0.205214899,0.439869551
0.204616187,0.439487529
0.204019726,0.439108623
0.203425516,0.438732815
0.202833554,0.43836009
0.20224384,0.437990429
0.201656373,0.437623817
0.201071152,0.437260235
0.200488174,0.436899668
0.19990744,0.436542097
0.199328946,0.436187506
0.198752693,0.435835877
0.198178679,0.435487193
0.197606901,0.435141437
0.197037358,0.434798592
0.196470049,0.43445864
0.195904972,0.434121565
0.195342125,0.433787347
0.194781506,0.433455972
0.194223114,0.43312742
0.193666946,0.432801674
0.193113,0.432478718
0.192561274,0.432158533
0.192011767,0.431841103
0.191464475,0.431526409
0.190919397,0.431214435
0.19037653,0.430905162
0.189835873,0.430598574
0.189297422,0.430294653
0.188761176,0.429993382
0.188227131,0.429694742
0.187695285,0.429398717
0.187165636,0.42910529
0.186638181,0.428814442
0.186112917,0.428526156
0.185589841,0.428240416
0.185068952,0.427957202
0.184550245,0.427676499
0.184033718,0.427398289
0.183519367,0.427122554
0.183007191,0.426849277
0.182497186,0.426578441
0.181989349,0.426310028
0.181483676,0.426044021
0.180980165,0.425780403
0.180478812,0.425519156
0.179979614,0.425260264
0.179482568,0.42500371
0.17898767,0.424749475
0.178494917,0.424497543
0.178004305,0.424247897
0.177515831,0.42400052
0.177029492,0.423755395
0.176545283,0.423512505
0.176063201,0.423271832
0.175583243,0.423033361
0.175105405,0.422797073
0.174629682,0.422562953
0.174156072,0.422330983
0.173684569,0.422101147
0.173215172,0.421873428
0.172747874,0.421647809
0.172282673,0.421424274
0.171819565,0.421202807
0.171358545,0.42098339
0.170899609,0.420766007
0.170442753,0.420550642
0.169987974,0.420337279
0.169535266,0.4201259
0.169084626,0.419916491
0.168636049,0.419709034
0.16818953,0.419503514
0.167745067,0.419299914
0.167302653,0.419098219
0.166862286,0.418898412
0.166423959,0.418700478
0.165987669,0.4185044
0.165553412,0.418310163
0.165121182,0.418117752
0.164690975,0.41792715
0.164262787,0.417738342
0.163836612,0.417551312
0.163412446,0.417366045
0.162990284,0.417182525
0.162570122,0.417000738
0.162151955,0.416820667
0.161735777,0.416642298
0.161321585,0.416465615
0.160909372,0.416290604
0.160499134,0.416117249
0.160090867,0.415945536
0.159684565,0.415775449
0.159280223,0.415606974
0.158877836,0.415440096
0.158477399,0.4152748
0.158078907,0.415111072
0.157682354,0.414948898
0.157287736,0.414788262
0.156895048,0.414629151
0.156504284,0.41447155
0.156115438,0.414315446
0.155728507,0.414160823
0.155343483,0.414007668
0.154960363,0.413855967
0.15457914,0.413705706
0.15419981,0.413556871
0.153822367,0.413409448
0.153446805,0.413263424
0.153073119,0.413118786
0.152701303,0.412975519
0.152331353,0.41283361
0.151963262,0.412693047
0.151597026,0.412553814
0.151232637,0.412415901
0.150870092,0.412279292
0.150509384,0.412143976
0.150150507,0.412009939
0.149793457,0.411877169
0.149438227,0.411745652
0.149084811,0.411615377
0.148733205,0.411486329
0.148383401,0.411358498
0.148035396,0.41123187
0.147689181,0.411106433
0.147344753,0.410982174
0.147002105,0.410859082
0.146661232,0.410737145
0.146322127,0.410616349
0.145984784,0.410496684
0.145649199,0.410378138
0.145315364,0.410260698
0.144983274,0.410144353
0.144652924,0.410029091
0.144324306,0.409914902
0.143997416,0.409801772
0.143672247,0.409689691
0.143348794,0.409578648
0.14302705,0.409468632
0.142707009,0.40935963
0.142388666,0.409251633
0.142072014,0.409144629
0.141757047,0.409038607
0.14144376,0.408933557
0.141132145,0.408829468
0.140822198,0.408726329
0.140513912,0.40862413
0.140207281,0.408522859
0.139902299,0.408422508
0.13959896,0.408323065
0.139297257,0.40822452
0.138997185,0.408126863
0.138698737,0.408030084
0.138401907,0.407934174
0.13810669,0.407839121
0.137813078,0.407744917
0.137521067,0.407651551
0.137230649,0.407559014
0.136941818,0.407467297
0.136654568,0.407376389
0.136368894,0.407286282
0.136084788,0.407196966
0.135802245,0.407108431
0.135521258,0.40702067
0.135241822,0.406933672
0.134963929,0.406847428
0.134687574,0.40676193
0.134412751,0.406677169
0.134139453,0.406593136
0.133867673,0.406509822
0.133597407,0.406427218
0.133328647,0.406345317
0.133061388,0.406264109
0.132795622,0.406183587
0.132531344,0.406103741
0.132268548,0.406024564
0.132007226,0.405946048
0.131747374,0.405868184
0.131488985,0.405790964
0.131232052,0.405714381
0.130976569,0.405638426
0.13072253,0.405563092
0.130469928,0.405488371
0.130218758,0.405414256
0.129969013,0.405340738
0.129720687,0.405267811
0.129473774,0.405195466
0.129228266,0.405123698
0.128984159,0.405052497
0.128741446,0.404981858
0.12850012,0.404911772
0.128260175,0.404842234
0.128021606,0.404773235
0.127784405,0.404704769
0.127548567,0.40463683
0.127314085,0.404569409
0.127080953,0.404502502
0.126849165,0.4044361
0.126618714,0.404370197
0.126389595,0.404304788
0.1261618,0.404239865
0.125935325,0.404175421
0.125710162,0.404111452
0.125486306,0.40404795
0.12526375,0.403984909
0.125042488,0.403922324
0.124822514,0.403860187
0.124603822,0.403798494
0.124386405,0.403737238
0.124170257,0.403676413
0.123955373,0.403616013
0.123741745,0.403556034
0.123529368,0.403496469
0.123318236,0.403437312
0.123108343,0.403378558
0.122899681,0.403320202
0.122692246,0.403262237
0.122486032,0.40320466
0.122281031,0.403147464
0.122077238,0.403090643
0.121874647,0.403034194
0.121673252,0.402978111
0.121473046,0.402922388
0.121274024,0.402867022
0.12107618,0.402812006
0.120879507,0.402757335
0.120684,0.402703006
0.120489652,0.402649013
0.120296457,0.402595352
0.12010441,0.402542017
0.119913505,0.402489005
0.119723735,0.40243631
0.119535094,0.402383928
0.119347577,0.402331855
0.119161177,0.402280086
0.118975889,0.402228618
0.118791707,0.402177444
0.118608624,0.402126562
0.118426636,0.402075967
0.118245735,0.402025655
0.118065916,0.401975622
0.117887174,0.401925864
0.117709502,0.401876376
0.117532895,0.401827156
0.117357346,0.401778198
0.117182851,0.401729499
0.117009402,0.401681056
0.116836995,0.401632864
0.116665623,0.40158492
0.116495281,0.401537219
0.116325963,0.40148976
0.116157663,0.401442537
0.115990376,0.401395548
0.115824096,0.401348788
0.115658817,0.401302255
0.115494533,0.401255945
0.115331239,0.401209855
0.11516893,0.401163981
0.115007599,0.40111832
0.11484724,0.401072869
0.11468785,0.401027624
0.114529421,0.400982583
0.114371948,0.400937743
0.114215426,0.400893099
0.114059848,0.40084865
0.113905211,0.400804393
0.113751507,0.400760323
0.113598732,0.400716439
0.11344688,0.400672738
0.113295946,0.400629216
0.113145924,0.400585872
0.112996808,0.400542701
0.112848594,0.400499702
0.112701276,0.400456872
0.112554848,0.400414208
0.112409306,0.400371707
0.112264643,0.400329368
0.112120855,0.400287186
0.111977936,0.400245161
0.111835881,0.400203289
0.111694685,0.400161568
0.111554342,0.400119996
0.111414847,0.40007857
0.111276195,0.400037287
0.111138381,0.399996147
0.111001399,0.399955145
0.110865245,0.399914281
0.110729912,0.399873551
0.110595397,0.399832954
0.110461694,0.399792488
0.110328798,0.399752149
0.110196703,0.399711938
0.110065405,0.39967185
0.109934899,0.399631884
0.109805179,0.399592039
0.109676241,0.399552312
0.10954808,0.399512701
0.10942069,0.399473205
0.109294067,0.399433821
0.109168206,0.399394548
0.109043101,0.399355383
0.108918749,0.399316325
0.108795143,0.399277373
0.10867228,0.399238524
0.108550154,0.399199776
0.108428761,0.399161129
0.108308095,0.39912258
0.108188153,0.399084127
0.108068929,0.39904577
0.107950418,0.399007506
0.107832616,0.398969334
0.107715517,0.398931252
0.107599119,0.398893259
0.107483415,0.398855353
0.107368401,0.398817533
0.107254072,0.398779797
0.107140424,0.398742144
0.107027453,0.398704572
0.106915153,0.39866708
0.10680352,0.398629667
0.106692549,0.398592331
0.106582237,0.398555071
0.106472578,0.398517886
0.106363569,0.398480774
0.106255204,0.398443734
0.106147479,0.398406765
0.10604039,0.398369865
0.105933932,0.398333034
0.105828101,0.39829627
0.105722893,0.398259572
0.105618303,0.398222938
0.105514328,0.398186368
0.105410962,0.398149861
0.105308201,0.398113415
0.105206042,0.39807703
0.105104479,0.398040703
0.10500351,0.398004435
0.104903129,0.397968224
0.104803332,0.397932069
0.104704115,0.39789597
0.104605475,0.397859924
0.104507406,0.397823931
0.104409905,0.397787991
0.104312968,0.397752102
0.104216591,0.397716263
0.10412077,0.397680474
0.1040255,0.397644733
0.103930778,0.39760904
0.103836599,0.397573394
0.10374296,0.397537793
0.103649857,0.397502238
0.103557286,0.397466727
0.103465243,0.397431259
0.103373724,0.397395834
0.103282725,0.397360451
0.103192243,0.397325109
0.103102273,0.397289807
0.103012812,0.397254544
0.102923856,0.397219321
0.102835402,0.397184136
0.102747445,0.397148988
0.102659981,0.397113876
0.102573008,0.397078801
0.102486521,0.397043761
0.102400517,0.397008756
0.102314992,0.396973785
0.102229942,0.396938847
0.102145364,0.396903942
0.102061255,0.396869069
0.10197761,0.396834228
0.101894427,0.396799417
0.101811701,0.396764637
0.101729429,0.396729887
0.101647608,0.396695165
0.101566234,0.396660473
0.101485304,0.396625808
0.101404814,0.396591171
0.101324762,0.396556562
0.101245142,0.396521978
0.101165953,0.396487421
0.101087191,0.396452889
0.101008852,0.396418382
0.100930933,0.396383899
0.100853431,0.396349441
0.100776343,0.396315006
0.100699665,0.396280594
0.100623394,0.396246205
0.100547527,0.396211838
0.100472061,0.396177493
0.100396992,0.39614317
0.100322318,0.396108867
0.100248034,0.396074585
0.100174139,0.396040322
0.100100629,0.39600608
0.100027501,0.395971857
0.099954751,0.395937653
0.099882377,0.395903467
0.099810376,0.3958693
0.099738745,0.39583515
0.09966748,0.395801018
0.099596579,0.395766903
0.099526039,0.395732805
0.099455857,0.395698723
0.099386029,0.395664657
0.099316554,0.395630608
0.099247428,0.395596573
0.099178648,0.395562554
0.099110211,0.39552855
0.099042115,0.39549456
0.098974357,0.395460585
0.098906933,0.395426623
0.098839842,0.395392675
0.09877308,0.395358741
0.098706645,0.395324819
0.098640534,0.395290911
0.098574744,0.395257015
0.098509273,0.395223132
0.098444117,0.39518926
0.098379275,0.395155401
0.098314744,0.395121553
0.09825052,0.395087716
0.098186602,0.395053891
0.098122986,0.395020076
0.098059671,0.394986272
0.097996653,0.394952479
0.09793393,0.394918696
0.0978715,0.394884923
0.09780936,0.394851159
0.097747508,0.394817405
0.097685941,0.394783661
0.097624656,0.394749926
0.097563652,0.3947162
0.097502925,0.394682482
0.097442474,0.394648774
0.097382296,0.394615073
0.097322388,0.394581381
0.097262749,0.394547697
0.097203376,0.394514021
0.097144266,0.394480353
0.097085418,0.394446692
0.097026829,0.394413039
0.096968497,0.394379393
0.096910419,0.394345754
0.096852593,0.394312123
0.096795017,0.394278498
0.09673769,0.394244879
0.096680608,0.394211267
0.096623769,0.394177662
0.096567171,0.394144063
0.096510813,0.394110469
0.096454692,0.394076882
0.096398806,0.394043301
0.096343152,0.394009725
0.096287729,0.393976155
0.096232535,0.393942591
0.096177567,0.393909032
0.096122824,0.393875478
0.096068303,0.393841929
0.096014003,0.393808385
0.095959921,0.393774846
0.095906056,0.393741312
0.095852405,0.393707783
0.095798967,0.393674258
0.095745739,0.393640738
0.09569272,0.393607222
0.095639908,0.39357371
0.095587301,0.393540203
0.095534897,0.393506699
0.095482694,0.3934732
0.09543069,0.393439705
0.095378884,0.393406213
0.095327273,0.393372725
0.095275856,0.393339241
0.095224631,0.39330576
0.095173596,0.393272283
0.09512275,0.39323881
0.09507209,0.393205339
0.095021616,0.393171872
0.094971324,0.393138408
0.094921214,0.393104948
0.094871284,0.39307149
0.094821532,0.393038035
0.094771956,0.393004583
0.094722555,0.392971134
0.094673327,0.392937688
0.09462427,0.392904245
0.094575384,0.392870804
0.094526665,0.392837366
0.094478113,0.39280393
0.094429726,0.392770497
0.094381503,0.392737066
0.094333441,0.392703638
0.09428554,0.392670212
0.094237797,0.392636788
0.094190212,0.392603366
0.094142782,0.392569947
0.094095507,0.392536529
0.094048384,0.392503114
0.094001413,0.392469701
0.093954591,0.392436289
0.093907918,0.39240288
0.093861391,0.392369472
0.09381501,0.392336067
0.093768773,0.392302663
0.093722679,0.392269261
0.093676726,0.39223586
0.093630913,0.392202461
0.093585238,0.392169064
0.0935397,0.392135669
0.093494299,0.392102274
0.093449031,0.392068882
0.093403897,0.392035491
0.093358894,0.392002101
0.093314022,0.391968713
0.093269279,0.391935326
0.093224664,0.391901941
0.093180175,0.391868556
0.093135812,0.391835173
0.093091573,0.391801792
0.093047457,0.391768411
0.093003462,0.391735032
0.092959588,0.391701654
0.092915833,0.391668277
0.092872196,0.391634901
0.092828675,0.391601526
0.09278527,0.391568152
0.09274198,0.39153478
0.092698803,0.391501408
0.092655738,0.391468037
0.092612784,0.391434667
0.09256994,0.391401299
0.092527205,0.391367931
0.092484577,0.391334564
0.092442056,0.391301197
0.092399641,0.391267832
0.092357329,0.391234467
0.092315121,0.391201104
0.092273015,0.391167741
0.09223101,0.391134379
0.092189106,0.391101017
0.0921473,0.391067656
0.092105593,0.391034296
0.092063982,0.391000937
0.092022468,0.390967578
0.091981049,0.39093422
0.091939723,0.390900863
0.091898491,0.390867506
0.091857351,0.39083415
0.091816302,0.390800795
0.091775343,0.39076744
0.091734473,0.390734085
0.091693691,0.390700731
0.091652997,0.390667378
0.09161239,0.390634025
0.091571868,0.390600673
0.09153143,0.390567321
0.091491076,0.39053397
0.091450805,0.390500619
0.091410616,0.390467269
0.091370508,0.390433919
0.091330481,0.39040057
0.091290532,0.39036722
0.091250662,0.390333872
0.09121087,0.390300524
0.091171155,0.390267176
0.091131515,0.390233828
0.091091951,0.390200481
0.091052462,0.390167135
0.091013045,0.390133788
0.090973702,0.390100442
0.090934431,0.390067097
0.090895231,0.390033751
0.090856101,0.390000406
0.090817041,0.389967062
0.09077805,0.389933717
0.090739127,0.389900373
0.090700271,0.389867029
0.090661483,0.389833686
0.09062276,0.389800343
0.090584102,0.389767
0.09054551,0.389733657
0.09050698,0.389700315
0.090468514,0.389666972
0.090430111,0.38963363
0.090391769,0.389600289
0.090353488,0.389566947
0.090315268,0.389533606
0.090277107,0.389500265
0.090239005,0.389466924
0.090200962,0.389433583
0.090162977,0.389400243
0.090125048,0.389366903
0.090087177,0.389333563
0.090049361,0.389300223
0.0900116,0.389266883
0.089973894,0.389233544
0.089936241,0.389200204
0.089898642,0.389166865
0.089861096,0.389133526
0.089823603,0.389100187
0.08978616,0.389066848
0.089748769,0.38903351
0.089711428,0.389000171
0.089674137,0.388966833
0.089636896,0.388933495
0.089599703,0.388900157
0.089562558,0.388866819
0.089525461,0.388833481
0.089488411,0.388800144
0.089451408,0.388766806
0.08941445,0.388733469
0.089377538,0.388700132
0.089340672,0.388666794
0.089303849,0.388633457
0.089267071,0.38860012
0.089230336,0.388566784
0.089193644,0.388533447
0.089156994,0.38850011
0.089120387,0.388466774
0.089083821,0.388433437
0.089047295,0.388400101
0.089010811,0.388366764
0.088974366,0.388333428
0.088937961,0.388300092
0.088901596,0.388266756
0.088865268,0.38823342
0.08882898,0.388200084
0.088792728,0.388166748
0.088756515,0.388133413
0.088720338,0.388100077
0.088684197,0.388066741
0.088648093,0.388033406
0.088612024,0.38800007
0.088575991,0.387966735
0.088539992,0.3879334
0.088504027,0.387900064
0.088468097,0.387866729
0.0884322,0.387833394
0.088396336,0.387800059
0.088360505,0.387766724
0.088324707,0.387733389
0.08828894,0.387700054
0.088253205,0.387666719
0.088217501,0.387633384
0.088181828,0.387600049
0.088146186,0.387566714
0.088110574,0.387533379
0.088074991,0.387500045
0.088039438,0.38746671
0.088003914,0.387433375
0.087968419,0.387400041
0.087932952,0.387366706
0.087897513,0.387333372
0.087862101,0.387300037
0.087826718,0.387266703
0.087791361,0.387233368
0.08775603,0.387200034
0.087720727,0.387166699
0.087685449,0.387133365
0.087650197,0.387100031
0.08761497,0.387066697
0.087579769,0.387033362
0.087544592,0.387000028
0.087509439,0.386966694
0.087474311,0.38693336
0.087439207,0.386900026
0.087404127,0.386866691
0.087369069,0.386833357
0.087334035,0.386800023
0.087299024,0.386766689
0.087264035,0.386733355
0.087229068,0.386700021
0.087194123,0.386666687
0.0871592,0.386633353
0.087124298,0.386600019
0.087089417,0.386566685
0.087054557,0.386533351
0.087019717,0.386500018
0.086984898,0.386466684
0.086950099,0.38643335
0.08691532,0.386400016
0.086880561,0.386366682
0.08684582,0.386333348
0.086811099,0.386300015
0.086776397,0.386266681
0.086741713,0.386233347
0.086707048,0.386200013
0.086672401,0.386166679
0.086637771,0.386133346
0.08660316,0.386100012
0.086568566,0.386066678
0.086533989,0.386033345
0.086499429,0.386000011
0.086464886,0.385966677
0.08643036,0.385933344
0.08639585,0.38590001
0.086361356,0.385866676
0.086326878,0.385833343
0.086292416,0.385800009
0.086257969,0.385766675
0.086223538,0.385733342
0.086189122,0.385700008
0.086154721,0.385666675
0.086120335,0.385633341
0.086085963,0.385600007
0.086051606,0.385566674
0.086017263,0.38553334
0.085982934,0.385500007
0.085948619,0.385466673
0.085914317,0.38543334
0.085880029,0.385400006
0.085845755,0.385366673
0.085811493,0.385333339
0.085777245,0.385300006
0.085743009,0.385266672
0.085708786,0.385233339
0.085674576,0.385200005
0.085640378,0.385166672
0.085606191,0.385133338
0.085572017,0.385100005
0.085537855,0.385066671
0.085503705,0.385033338
0.085469566,0.385000004
0.085435438,0.384966671
0.085401322,0.384933337
0.085367216,0.384900004
0.085333122,0.38486667
0.085299039,0.384833337
0.085264966,0.384800003
0.085230903,0.38476667
0.085196851,0.384733336
0.085162809,0.384700003
0.085128778,0.38466667
0.085094756,0.384633336
0.085060744,0.384600003
0.085026742,0.384566669
0.084992749,0.384533336
0.084958766,0.384500002
0.084924792,0.384466669
0.084890828,0.384433336
0.084856872,0.384400002
0.084822926,0.384366669
0.084788988,0.384333335
0.084755059,0.384300002
0.084721138,0.384266669
0.084687226,0.384233335
0.084653322,0.384200002
0.084619427,0.384166668
0.08458554,0.384133335
0.08455166,0.384100002
0.084517789,0.384066668
0.084483926,0.384033335
0.08445007,0.384000002
0.084416222,0.383966668
0.084382381,0.383933335
0.084348548,0.383900001
0.084314722,0.383866668
0.084280903,0.383833335
0.084247091,0.383800001
0.084213286,0.383766668
0.084179488,0.383733334
0.084145697,0.383700001
0.084111913,0.383666668
0.084078135,0.383633334
0.084044364,0.383600001
0.0840106,0.383566668
0.083976841,0.383533334
0.083943089,0.383500001
0.083909343,0.383466668
0.083875604,0.383433334
0.08384187,0.383400001
0.083808142,0.383366667
0.08377442,0.383333334
0.083740704,0.383300001
0.083706993,0.383266667
0.083673288,0.383233334
0.083639589,0.383200001
0.083605895,0.383166667
0.083572206,0.383133334
0.083538523,0.383100001
0.083504845,0.383066667
0.083471172,0.383033334
0.083437504,0.383000001
0.083403841,0.382966667
0.083370183,0.382933334
0.08333653,0.3829
0.083302882,0.382866667
0.083269238,0.382833334
0.083235599,0.3828
0.083201965,0.382766667
0.083168335,0.382733334
0.08313471,0.3827
0.083101089,0.382666667
0.083067473,0.382633334
0.083033861,0.3826
0.083000253,0.382566667
0.082966649,0.382533334
0.082933049,0.3825
0.082899453,0.382466667
0.082865862,0.382433334
0.082832274,0.3824
0.08279869,0.382366667
0.08276511,0.382333334
0.082731534,0.3823
0.082697961,0.382266667
0.082664392,0.382233334
0.082630827,0.3822
0.082597265,0.382166667
0.082563707,0.382133334
0.082530152,0.3821
0.0824966,0.382066667
0.082463052,0.382033334
0.082429507,0.382
0.082395966,0.381966667
0.082362428,0.381933334
0.082328892,0.3819
0.08229536,0.381866667
0.082261831,0.381833333
0.082228305,0.3818
0.082194782,0.381766667
0.082161262,0.381733333
0.082127745,0.3817
0.082094231,0.381666667
0.082060719,0.381633333
0.082027211,0.3816
0.081993705,0.381566667
0.081960201,0.381533333
0.081926701,0.3815
0.081893203,0.381466667
0.081859707,0.381433333
0.081826214,0.3814
0.081792724,0.381366667
0.081759236,0.381333333
0.08172575,0.3813
0.081692267,0.381266667
0.081658786,0.381233333
0.081625308,0.3812
0.081591832,0.381166667
0.081558358,0.381133333
0.081524886,0.3811
0.081491416,0.381066667
0.081457949,0.381033333
0.081424484,0.381
0.08139102,0.380966667
0.081357559,0.380933333
0.0813241,0.3809
0.081290643,0.380866667
0.081257188,0.380833333
0.081223734,0.3808
0.081190283,0.380766667
0.081156834,0.380733333
0.081123386,0.3807
0.08108994,0.380666667
0.081056496,0.380633333
0.081023054,0.3806
0.080989614,0.380566667
0.080956175,0.380533333
0.080922738,0.3805
0.080889302,0.380466667
0.080855868,0.380433333
0.080822436,0.3804
0.080789006,0.380366667
0.080755577,0.380333333
0.080722149,0.3803
0.080688723,0.380266667
0.080655299,0.380233333
0.080621876,0.3802
0.080588454,0.380166667
0.080555034,0.380133333
0.080521615,0.3801
0.080488198,0.380066667
0.080454782,0.380033333
0.080421367,0.38
0.080387954,0.379966667
0.080354542,0.379933333
0.080321131,0.3799
0.080287722,0.379866667
0.080254313,0.379833333
0.080220906,0.3798
0.080187501,0.379766667
0.080154096,0.379733333
0.080120692,0.3797
0.08008729,0.379666667
0.080053889,0.379633333
0.080020489,0.3796
0.07998709,0.379566667
0.079953692,0.379533333
0.079920295,0.3795
0.079886899,0.379466667
0.079853504,0.379433333
0.079820111,0.3794
0.079786718,0.379366667
0.079753326,0.379333333
0.079719935,0.3793
0.079686545,0.379266667
0.079653156,0.379233333
0.079619768,0.3792
0.079586381,0.379166667
0.079552995,0.379133333
0.07951961,0.3791
0.079486225,0.379066667
0.079452842,0.379033333
0.079419459,0.379
0.079386077,0.378966667
0.079352696,0.378933333
0.079319315,0.3789
0.079285936,0.378866667
0.079252557,0.378833333
0.079219179,0.3788
0.079185802,0.378766667
0.079152425,0.378733333
0.079119049,0.3787
0.079085674,0.378666667
0.0790523,0.378633333
0.079018926,0.3786
0.078985553,0.378566667
0.07895218,0.378533333
0.078918809,0.3785
0.078885438,0.378466667
0.078852067,0.378433333
0.078818697,0.3784
0.078785328,0.378366667
0.07875196,0.378333333
0.078718592,0.3783
0.078685224,0.378266667
0.078651857,0.378233333
0.078618491,0.3782
0.078585125,0.378166667
0.07855176,0.378133333
0.078518396,0.3781
0.078485032,0.378066667
0.078451668,0.378033333
0.078418305,0.378
0.078384942,0.377966667
0.07835158,0.377933333
0.078318219,0.3779
0.078284858,0.377866667
0.078251497,0.377833333
0.078218137,0.3778
0.078184777,0.377766667
0.078151418,0.377733333
0.078118059,0.3777
0.078084701,0.377666667
0.078051343,0.377633333
0.078017986,0.3776
0.077984629,0.377566667
0.077951272,0.377533333
0.077917916,0.3775
0.07788456,0.377466667
0.077851205,0.377433333
0.077817849,0.3774
0.077784495,0.377366667
0.07775114,0.377333333
0.077717786,0.3773
0.077684433,0.377266667
0.07765108,0.377233333
0.077617727,0.3772
0.077584374,0.377166667
0.077551022,0.377133333
0.07751767,0.3771
0.077484318,0.377066667
0.077450967,0.377033333
0.077417616,0.377
0.077384266,0.376966667
0.077350915,0.376933333
0.077317565,0.3769
0.077284215,0.376866667
0.077250866,0.376833333
0.077217517,0.3768
0.077184168,0.376766667
0.077150819,0.376733333
0.077117471,0.3767
0.077084123,0.376666667
0.077050775,0.376633333
0.077017427,0.3766
0.07698408,0.376566667
0.076950733,0.376533333
0.076917386,0.3765
0.07688404,0.376466667
0.076850693,0.376433333
0.076817347,0.3764
0.076784001,0.376366667
0.076750656,0.376333333
0.07671731,0.3763
0.076683965,0.376266667
0.07665062,0.376233333
0.076617275,0.3762
0.07658393,0.376166667
0.076550586,0.376133333
0.076517242,0.3761
0.076483898,0.376066667
0.076450554,0.376033333
0.07641721,0.376
0.076383867,0.375966667
0.076350523,0.375933333
0.07631718,0.3759
0.076283837,0.375866667
0.076250495,0.375833333
0.076217152,0.3758
0.07618381,0.375766667
0.076150467,0.375733333
0.076117125,0.3757
0.076083783,0.375666667
0.076050442,0.375633333
0.0760171,0.3756
0.075983759,0.375566667
0.075950417,0.375533333
0.075917076,0.3755
0.075883735,0.375466667
0.075850394,0.375433333
0.075817053,0.3754
0.075783713,0.375366667
0.075750372,0.375333333
0.075717032,0.3753
0.075683692,0.375266667
0.075650351,0.375233333
0.075617011,0.3752
0.075583672,0.375166667
0.075550332,0.375133333
0.075516992,0.3751
0.075483653,0.375066667
0.075450313,0.375033333
0.075416974,0.375
0.075383635,0.374966667
0.075350296,0.374933333
0.075316957,0.3749
0.075283618,0.374866667
0.075250279,0.374833333
0.07521694,0.3748
0.075183602,0.374766667
0.075150263,0.374733333
0.075116925,0.3747
0.075083587,0.374666667
0.075050249,0.374633333
0.07501691,0.3746
0.074983572,0.374566667
0.074950235,0.374533333
0.074916897,0.3745
0.074883559,0.374466667
0.074850221,0.374433333
0.074816884,0.3744
0.074783546,0.374366667
0.074750209,0.374333333
0.074716871,0.3743
0.074683534,0.374266667
0.074650197,0.374233333
0.07461686,0.3742
0.074583523,0.374166667
0.074550186,0.374133333
0.074516849,0.3741
0.074483512,0.374066667
0.074450175,0.374033333
0.074416838,0.374
0.074383502,0.373966667
0.074350165,0.373933333
0.074316828,0.3739
0.074283492,0.373866667
0.074250156,0.373833333
0.074216819,0.3738
0.074183483,0.373766667
0.074150147,0.373733333
0.07411681,0.3737
0.074083474,0.373666667
0.074050138,0.373633333
0.074016802,0.3736
0.073983466,0.373566667
0.07395013,0.373533333
0.073916794,0.3735
0.073883459,0.373466667
0.073850123,0.373433333
0.073816787,0.3734
0.073783451,0.373366667
0.073750116,0.373333333
0.07371678,0.3733
0.073683444,0.373266667
0.073650109,0.373233333
0.073616773,0.3732
0.073583438,0.373166667
0.073550103,0.373133333
0.073516767,0.3731
0.073483432,0.373066667
0.073450097,0.373033333
0.073416761,0.373
0.073383426,0.372966667
0.073350091,0.372933333
0.073316756,0.3729
0.073283421,0.372866667
0.073250086,0.372833333
0.073216751,0.3728
0.073183416,0.372766667
0.073150081,0.372733333
0.073116746,0.3727
0.073083411,0.372666667
0.073050076,0.372633333
0.073016741,0.3726
0.072983406,0.372566667
0.072950071,0.372533333
0.072916737,0.3725
0.072883402,0.372466667
0.072850067,0.372433333
0.072816733,0.3724
0.072783398,0.372366667
0.072750063,0.372333333
0.072716729,0.3723
0.072683394,0.372266667
0.07265006,0.372233333
0.072616725,0.3722
0.07258339,0.372166667
0.072550056,0.372133333
0.072516722,0.3721
0.072483387,0.372066667
0.072450053,0.372033333
0.072416718,0.372
0.072383384,0.371966667
0.07235005,0.371933333
0.072316715,0.3719
0.072283381,0.371866667
0.072250047,0.371833333
0.072216712,0.3718
0.072183378,0.371766667
0.072150044,0.371733333
0.07211671,0.3717
0.072083375,0.371666667
0.072050041,0.371633333
0.072016707,0.3716
0.071983373,0.371566667
0.071950039,0.371533333
0.071916705,0.3715
0.07188337,0.371466667
0.071850036,0.371433333
0.071816702,0.3714
0.071783368,0.371366667
0.071750034,0.371333333
0.0717167,0.3713
0.071683366,0.371266667
0.071650032,0.371233333
0.071616698,0.3712
0.071583364,0.371166667
0.07155003,0.371133333
0.071516696,0.3711
0.071483362,0.371066667
0.071450028,0.371033333
0.071416694,0.371
0.071383361,0.370966667
0.071350027,0.370933333
0.071316693,0.3709
0.071283359,0.370866667
0.071250025,0.370833333
0.071216691,0.3708
0.071183357,0.370766667
0.071150023,0.370733333
0.07111669,0.3707
0.071083356,0.370666667
0.071050022,0.370633333
0.071016688,0.3706
0.070983354,0.370566667
0.070950021,0.370533333
0.070916687,0.3705
0.070883353,0.370466667
0.070850019,0.370433333
0.070816686,0.3704
0.070783352,0.370366667
0.070750018,0.370333333
0.070716685,0.3703
0.070683351,0.370266667
0.070650017,0.370233333
0.070616683,0.3702
0.07058335,0.370166667
0.070550016,0.370133333
0.070516682,0.3701
0.070483349,0.370066667
0.070450015,0.370033333
0.070416681,0.37
0.070383348,0.369966667
0.070350014,0.369933333
0.070316681,0.3699
0.070283347,0.369866667
0.070250013,0.369833333
0.07021668,0.3698
0.070183346,0.369766667
0.070150012,0.369733333
0.070116679,0.3697
0.070083345,0.369666667
0.070050012,0.369633333
0.070016678,0.3696
0.069983345,0.369566667
0.069950011,0.369533333
0.069916677,0.3695
0.069883344,0.369466667
0.06985001,0.369433333
0.069816677,0.3694
0.069783343,0.369366667
0.06975001,0.369333333
0.069716676,0.3693
0.069683343,0.369266667
0.069650009,0.369233333
0.069616675,0.3692
0.069583342,0.369166667
0.069550008,0.369133333
0.069516675,0.3691
0.069483341,0.369066667
0.069450008,0.369033333
0.069416674,0.369
0.069383341,0.368966667
0.069350007,0.368933333
0.069316674,0.3689
0.06928334,0.368866667
0.069250007,0.368833333
0.069216673,0.3688
0.06918334,0.368766667
0.069150007,0.368733333
0.069116673,0.3687
0.06908334,0.368666667
0.069050006,0.368633333
0.069016673,0.3686
0.068983339,0.368566667
0.068950006,0.368533333
0.068916672,0.3685
0.068883339,0.368466667
0.068850005,0.368433333
0.068816672,0.3684
0.068783338,0.368366667
